Player,School,POS,REC,YDS,AVG,LNG,TD
MalikNabers,LSU,'WR','66',"'1,152'",'17.5','51','10'
CaullinLacy,USA,'WR','64',"'1,046'",'16.3','84','6'
MalikWashington,UVA,'WR','79',"'1,044'",'13.2','64','6'
LaJohntayWester,FAU,'WR','87',"'1,004'",'11.5','76','8'
RomeOdunze,WASH,'WR','56','989','17.7','50','7'
XavierLegette,SC,'WR','50','973','19.5','76','5'
LutherBurdenIII,MIZ,'WR','64','958','15.0','56','7'
TroyFranklin,ORE,'WR','58','946','16.3','72','10'
MarvinHarrisonJr.,OSU,'WR','52','914','17.6','75','10'
Ja'LynnPolk,WASH,'WR','51','888','17.4','92','8'
RickyWhite,UNLV,'WR','54','876','16.2','82','6'
EricMcAlister,BOIS,'WR','47','873','18.6','83','5'
ToryHorton,CSU,'WR','77','848','11.0','76','6'
TahjWashington,USC,'WR','43','833','19.4','76','6'
KrisMitchell,FIU,'WR','48','820','17.1','64','6'
JoeyHobert,TXST,'WR','64','804','12.6','83','7'
JalenRoyals,USU,'WR','51','794','15.6','71','11'
ElicAyomanor,STAN,'WR','49','790','16.1','97','5'
KellyAkharaiyi,UTEP,'WR','37','786','21.2','80','5'
StevenMcBride,HAW,'WR','47','785','16.7','65','8'
XavierWeaver,COLO,'WR','60','783','13.1','48','4'
RickyPearsall,FLA,'WR','55','773','14.1','50','4'
BrianThomasJr.,LSU,'WR','45','768','17.1','86','11'
Ja'MoriMaclin,UNT,'WR','44','766','17.4','80','11'
SamuelBrown,HOU,'WR','54','764','14.1','53','3'
TetairoaMcMillan,ARIZ,'WR','52','753','14.5','55','7'
RocTaylor,MEM,'WR','47','752','16.0','85','4'
JoshuaCephus,UTSA,'WR','62','750','12.1','84','7'
TreHarris,MISS,'WR','38','749','19.7','56','7'
KhalebHood,GASO,'WR','73','748','10.2','43','4'
TerrellVaughn,USU,'WR','64','730','11.4','76','9'
JamariThrash,LOU,'WR','46','712','15.5','85','6'
SmokeHarris,LT,'WR','67','710','10.6','64','4'
ReggieBrown,JMU,'WR','36','701','19.5','74','6'
LukeMcCaffrey,RICE,'WR','45','700','15.6','51','9'
IsaiahWilliams,ILL,'WR','59','693','11.7','49','3'
XavierRestrepo,MIA,'WR','60','683','11.4','48','4'
SamPinckney,CCU,'WR','48','682','14.2','52','5'
ElijahSarratt,JMU,'WR','47','681','14.5','48','4'
JavonBaker,UCF,'WR','33','678','20.5','86','5'
RobertLewis,GAST,'WR','48','677','14.1','97','6'
PofeleAshlock,HAW,'WR','60','659','11.0','53','7'
MalachiCorley,WKU,'WR','53','657','12.4','70','8'
CJDaniels,LIB,'WR','30','655','21.8','75','6'
KyleWilliams,WSU,'WR','48','654','13.6','63','4'
DallinHolker,CSU,'TE','51','653','12.8','42','6'
AiniasSmith,TA&M,'WR','39','652','16.7','42','1'
KeAndreLambert-Smith,PSU,'WR','51','645','12.6','72','4'
LincolnVictor,WSU,'WR','65','639','9.8','50','4'
SeanAtkins,USF,'WR','60','639','10.6','88','4'
AnthonySimpson,MASS,'WR','45','637','14.2','71','3'
WillSheppard,VAN,'WR','44','634','14.4','85','8'
XzavierHenderson,CIN,'WR','46','631','13.7','53','3'
JordanWatkins,MISS,'WR','44','627','14.3','68','3'
AndrewArmstrong,ARK,'WR','46','623','13.5','48','4'
JabreBarber,TROY,'WR','41','622','15.2','52','3'
XavierWorthy,TEX,'WR','49','620','12.7','44','4'
ChrishonMcCray,KENT,'WR','41','610','14.9','42','4'
TejhaunPalmer,UAB,'WR','36','609','16.9','70','5'
KobeHudson,UCF,'WR','28','607','21.7','69','4'
DaytonWade,MISS,'WR','40','602','15.1','48','3'
JamaalPritchett,USA,'WR','41','600','14.6','50','3'
TezJohnson,ORE,'WR','46','599','13.0','49','6'
GageLarvadain,M-OH,'WR','32','596','18.6','99','6'
LawrenceKeysIII,TULN,'WR','32','593','18.5','57','7'
RomanWilson,MICH,'WR','36','589','16.4','47','10'
MonarayBaldwin,BAY,'WR','34','586','17.2','71','3'
DemeerBlankumsee,MEM,'WR','36','585','16.3','59','3'
AdonaiMitchell,TEX,'WR','37','576','15.6','47','8'
JaydenHiggins,ISU,'WR','31','568','18.3','75','4'
BrockBowers,UGA,'TE','41','567','13.8','49','4'
ErikBrooks,FRES,'WR','41','565','13.8','49','5'
MalachiFields,UVA,'WR','44','563','12.8','39','2'
BrendenRice,USC,'WR','32','563','17.6','75','10'
DanielJackson,MINN,'WR','38','562','14.8','39','7'
SilasBolden,ORST,'WR','40','562','14.1','50','4'
JoshKelly,WSU,'WR','38','557','14.7','44','6'
SquirrelWhite,TENN,'WR','46','557','12.1','83','2'
CyrusAllen,LT,'WR','34','555','16.3','85','2'
LideatrickGriffin,MSST,'WR','38','554','14.6','65','3'
JacolbyGeorge,MIA,'WR','41','554','13.5','64','5'
KevinConcepcion,NCSU,'WR','47','554','11.8','72','6'
ElijahMetcalf,MTSU,'WR','45','552','12.3','71','5'
JaredBrown,CCU,'WR','41','552','13.5','59','3'
EricSingletonJr.,GT,'WR','33','552','16.7','58','6'
JalilFarooq,OU,'WR','33','547','16.6','49','2'
NoahSmith,SHSU,'WR','61','544','8.9','31','5'
JustusRoss-Simmons,CSU,'WR','35','542','15.5','75','3'
AnthonyGould,ORST,'WR','32','538','16.8','75','2'
DerwinBurgessJr.,GASO,'WR','50','538','10.8','68','4'
KeonColeman,FSU,'WR','38','538','14.2','58','9'
JermaineBurton,ALA,'WR','26','537','20.7','54','5'
ChrisLewis,TROY,'WR','22','535','24.3','64','7'
ElijhahBadger,ASU,'WR','46','533','11.6','65','2'
TheoWeaseJr.,MIZ,'WR','41','530','12.9','33','5'
NaiemSimmons,USF,'WR','30','530','17.7','53','4'
DrakeStoops,OU,'WR','52','528','10.2','39','6'
JahmalBanks,WAKE,'WR','47','528','11.2','33','3'
JalenMoss,FRES,'WR','44','527','12.0','60','4'
JeshaunJones,MD,'WR','40','521','13.0','64','4'
SamWiglusz,OHIO,'WR','44','519','11.8','38','3'
LawrenceArnold,KU,'WR','31','515','16.6','80','2'
PhillipBrooks,KSU,'WR','44','513','11.7','40','5'
ChaseRoberts,BYU,'WR','37','512','13.8','59','4'
KaedinRobinson,APP,'WR','37','512','13.8','34','5'
JacobCowing,ARIZ,'WR','69','510','7.4','30','9'
BryceKirtz,NU,'WR','33','507','15.4','80','4'
TailiqueWilliams,GAST,'WR','32','507','15.8','78','3'
EvanStewart,TA&M,'WR','37','506','13.7','44','4'
AshtynHawkins,TXST,'WR','37','506','13.7','43','2'
NickNash,SJSU,'WR','37','502','13.6','58','7'
WillPauling,WIS,'WR','46','500','10.9','32','3'
J.J.Jones,UNC,'WR','31','499','16.1','57','1'
JimmyHornJr.,COLO,'WR','52','499','9.6','45','5'
KonataMumpfield,PITT,'WR','36','498','13.8','82','4'
NicAnderson,OU,'WR','20','497','24.9','52','8'
JeremiahHunter,CAL,'WR','43','493','11.5','50','4'
MicahDavis,USU,'WR','27','493','18.3','76','5'
KoleWilson,TXST,'WR','41','492','12.0','77','5'
KennethWomack,WMU,'WR','54','488','9.0','34','1'
BubMeans,PITT,'WR','30','487','16.2','75','4'
LewisBond,BC,'WR','35','485','13.9','42','5'
KadenPrather,MD,'WR','33','484','14.7','43','5'
JordanMoore,DUKE,'WR','36','483','13.4','49','4'
CourtneyJackson,ARST,'WR','25','480','19.2','60','6'
AmadAndersonJr.,TEM,'WR','30','478','15.9','74','1'
HoldenWillis,MTSU,'WR','32','477','14.9','60','2'
ColbieYoung,MIA,'WR','36','470','13.1','57','4'
TaiFelton,MD,'WR','33','469','14.2','46','4'
DeionBurks,PUR,'WR','32','469','14.7','84','6'
BradenSmith,CIN,'WR','33','469','14.2','48','4'
DeshonStoudemire,TROY,'WR','33','468','14.2','51','1'
JeremiahBallard,UTEP,'WR','30','464','15.5','50','1'
LoganLoya,UCLA,'WR','37','463','12.5','49','3'
TayvionRobinson,UK,'WR','31','462','14.9','56','3'
JakariusCaston,USM,'WR','27','460','17.0','80','4'
PerryCarter,JVST,'WR','25','458','18.3','63','3'
TravisHunter,COLO,'CB','40','458','11.4','43','3'
JonathanBrady,NMSU,'WR','26','458','17.6','80','3'
ChristanHorn,APP,'WR','27','456','16.9','52','5'
JalonCalhoun,DUKE,'WR','31','455','14.7','69','2'
LatrealJones,USM,'WR','31','450','14.5','43','3'
TaylorMorin,WAKE,'WR','31','449','14.5','61','2'
ChrisTyree,ND,'WR','23','446','19.4','76','3'
RashodOwens,OKST,'WR','37','445','12.0','45','1'
BeauxCollins,CLEM,'WR','33','445','13.5','69','2'
CoreyRucker,ARST,'WR','22','443','20.1','68','0'
TykeeOgle-Kellogg,UTSA,'WR','26','440','16.9','46','6'
BrysonNesbit,UNC,'TE','29','440','15.2','62','4'
JaylinNoel,ISU,'WR','47','438','9.3','51','2'
DevontezWalker,UNC,'WR','28','438','15.6','56','6'
JPRichardson,TCU,'WR','33','437','13.2','59','2'
MontorieFosterJr.,MSU,'WR','33','436','13.2','42','2'
JosephManjackIV,HOU,'WR','35','435','12.4','49','4'
BenSinnott,KSU,'TE','32','433','13.5','42','3'
ChrisBrazzellII,TULN,'WR','26','433','16.7','39','2'
MalikRutherford,GT,'WR','37','432','11.7','55','3'
RodericBurns,UNT,'WR','36','431','12.0','42','4'
DaneKey,UK,'WR','28','431','15.4','44','4'
CadeStover,OSU,'TE','27','429','15.9','49','3'
TreonSibley,LIB,'WR','19','429','22.6','68','4'
AndrelAnthony,OU,'WR','27','429','15.9','55','1'
JessePrewittIII,CMU,'WR','29','428','14.8','70','4'
JaylinLane,VT,'WR','30','426','14.2','75','5'
J.MichaelSturdivant,UCLA,'WR','27','424','15.7','62','3'
TyroneHowell,ULM,'WR','40','423','10.6','37','6'
CorneliusJohnson,MICH,'WR','24','422','17.6','50','1'
MitchellEvans,ND,'TE','29','422','14.6','36','1'
Jha'QuanJackson,TULN,'WR','24','421','17.5','48','4'
IsaiahBond,ALA,'WR','28','420','15.0','52','3'
ColstonLoveland,MICH,'TE','27','419','15.5','54','4'
JustinOlson,MTSU,'WR','41','418','10.2','42','1'
MilesCross,OHIO,'WR','32','417','13.0','32','4'
DalevonCampbell,NEV,'WR','19','416','21.9','53','1'
EugeneWilsonIII,FLA,'WR','45','416','9.2','30','4'
CamJohnson,NU,'WR','34','415','12.2','43','2'
BrennanPresley,OKST,'WR','47','415','8.8','29','5'
JohnnyWilson,FSU,'WR','25','415','16.6','44','2'
DevinCarter,WVU,'WR','23','414','18.0','49','1'
RamelKeyton,TENN,'WR','24','412','17.2','60','4'
JustinJoly,CONN,'TE','34','408','12.0','59','1'
TylerBrown,CLEM,'WR','33','406','12.3','47','3'
JuniorVanderossIII,TOL,'WR','30','406','13.5','68','1'
MatthewGolden,HOU,'WR','38','404','10.6','39','6'
DanielGeorge,AKR,'WR','40','402','10.1','50','1'
JaelenGill,FRES,'WR','39','401','10.3','65','5'
DevanWilliams,TLSA,'WR','29','399','13.8','42','2'
DominicLovett,UGA,'WR','39','398','10.2','55','2'
AshtonJeanty,BOIS,'RB','30','396','13.2','50','4'
JerjuanNewton,TOL,'WR','30','394','13.1','42','9'
KetronJacksonJr.,BAY,'WR','24','392','16.3','55','0'
MookieCooper,MIZ,'WR','30','391','13.0','41','0'
BrettBuckman,CONN,'WR','37','390','10.5','40','1'
TannerMcLachlan,ARIZ,'TE','31','389','12.5','36','2'
DamienAlford,SYR,'WR','24','389','16.2','35','1'
LouisBrownIV,CSU,'WR','40','389','9.7','46','3'
MalikPhillips,SHSU,'WR','30','389','13.0','41','1'
XavierWhite,TTU,'WR','27','388','14.4','72','1'
AmareThomas,UAB,'WR','44','388','8.8','49','3'
KelbyWilliams,ODU,'WR','17','388','22.8','78','2'
NateMcCollum,UNC,'WR','34','387','11.4','48','1'
DonavenMcCulley,IU,'WR','29','387','13.3','69','3'
DamonWard,UNT,'WR','29','385','13.3','59','4'
JakeBailey,SMU,'WR','31','384','12.4','34','0'
PatBryant,ILL,'WR','31','384','12.4','46','5'
JasaiahGathings,AKR,'WR','36','383','10.6','39','1'
TrayvonRudolph,NIU,'WR','33','382','11.6','72','2'
JaylenJohnson,ECU,'WR','36','381','10.6','39','1'
MylesPrice,TTU,'WR','38','381','10.0','33','5'
QuentinSkinner,KU,'WR','19','380','20.0','49','2'
JaydenMcGowan,VAN,'WR','35','380','10.9','50','0'
ChaseSowell,ECU,'WR','31','380','12.3','45','1'
LondonHumphreys,VAN,'WR','16','380','23.8','56','4'
Ja'TavionSanders,TEX,'TE','22','378','17.2','50','1'
PeterLeBlanc,UL,'WR','23','375','16.3','87','4'
UmariHatcher,SYR,'WR','25','375','15.0','48','2'
TannerKnue,EMU,'WR','37','371','10.0','39','3'
MacDalena,FRES,'WR','32','371','11.6','33','2'
DeanConnors,RICE,'RB','35','371','10.6','80','3'
TiaquelinMims,USM,'DB','32','369','11.5','37','1'
JeffForeman,ARST,'WR','17','367','21.6','42','3'
JaheimBell,FSU,'TE','31','365','11.8','44','2'
DevinMcCuin,UTSA,'WR','25','365','14.6','72','2'
ChristianDremel,RUTG,'WR','28','363','13.0','69','3'
JackVelling,ORST,'TE','24','363','15.1','41','8'
TrondGrizzell,CAL,'WR','26','362','13.9','38','3'
CoreyDyches,MD,'TE','37','361','9.8','44','1'
BrysonGreen,WIS,'WR','23','360','15.7','54','1'
MarcusRosemy-Jacksaint,UGA,'WR','21','359','17.1','50','2'
BarionBrown,UK,'WR','32','358','11.2','55','2'
RawsonMacNeill,RICE,'WR','24','358','14.9','38','2'
JakeBriningstool,CLEM,'TE','33','357','10.8','50','3'
JacobDeJesus,UNLV,'WR','35','356','10.2','48','2'
DavidMartin-Robinson,TEM,'TE','28','355','12.7','33','3'
JeremiahHixon,UNM,'WR','30','355','11.8','59','5'
GeorgeJohnsonIII,MASS,'WR','28','355','12.7','32','3'
CameronRoss,CONN,'WR','34','353','10.4','41','1'
JackHestera,CLT,'WR','27','353','13.1','37','3'
DalenCobb,GASO,'WR','25','353','14.1','76','1'
BlakeWatson,MEM,'RB','35','352','10.1','63','1'
JairusMack,CLT,'WR','19','350','18.4','51','1'
JadenBray,OKST,'WR','27','349','12.9','45','1'
ZaeBaines,TEM,'WR','26','347','13.3','60','0'
DrakeDabney,BAY,'TE','23','347','15.1','53','4'
KyrenLacy,LSU,'WR','18','347','19.3','57','4'
DariusLassiter,BYU,'WR','28','347','12.4','47','4'
Da'QuanFelton,VT,'WR','24','346','14.4','62','4'
MichaelBrown-Stephens,USF,'WR','26','344','13.2','38','2'
JermaineBrownJr.,UAB,'RB','30','343','11.4','55','1'
DariyanWiley,ULM,'WR','19','340','17.9','68','2'
TajDavis,CAL,'WR','31','338','10.9','27','3'
DevaughnVele,UTAH,'WR','29','337','11.6','35','2'
Ke'ShawnWilliams,WAKE,'WR','31','337','10.9','34','1'
LaddMcConkey,UGA,'WR','22','337','15.3','54','1'
TJSheffield,PUR,'WR','30','336','11.2','43','1'
EastonMesser,WKU,'WR','27','335','12.4','35','3'
KamdynBenjamin,TLSA,'WR','25','334','13.4','40','2'
IsaacRex,BYU,'TE','26','333','12.8','65','1'
JerandBradley,TTU,'WR','31','332','10.7','34','4'
EmekaEgbuka,OSU,'WR','26','332','12.8','28','3'
JaredRoznos,AFA,'WR','11','332','30.2','84','2'
JaQuaeJackson,RUTG,'WR','20','331','16.5','61','1'
DeanPatterson,FIU,'WR','20','330','16.5','40','0'
Abdur-RahmaanYaseen,PUR,'WR','25','329','13.2','30','0'
CalebMedford,UNM,'WR','20','327','16.4','55','1'
TigerBachmeier,STAN,'WR','32','327','10.2','35','1'
GavinBartholomew,PITT,'TE','18','326','18.1','60','1'
JoeWilkinsJr.,M-OH,'WR','23','325','14.1','49','1'
D.J.Washington,UNM,'WR','26','324','12.5','35','3'
MarlynJohnson,BUFF,'WR','32','322','10.1','36','4'
TrentHudson,NMSU,'WR','17','322','18.9','78','6'
DashaunDavis,APP,'WR','25','320','12.8','57','3'
DanteWright,TEM,'WR','26','319','12.3','36','2'
JordanKerley,SMU,'WR','18','319','17.7','59','2'
KacperRutkiewicz,NIU,'WR','21','319','15.2','64','2'
MasonFairchild,KU,'TE','21','317','15.1','44','2'
JordanHudson,SMU,'WR','22','317','14.4','67','5'
RJMaryland,SMU,'TE','23','315','13.7','62','5'
JacobBernard,UL,'WR','24','313','13.0','43','1'
RobertWilliams,UL,'WR','24','313','13.0','60','3'
JalenMcMillan,WASH,'WR','20','311','15.6','39','3'
RaraThomas,UGA,'WR','20','311','15.6','56','1'
DarrellHardingJr.,BUFF,'WR','19','310','16.3','51','3'
SavionWilliams,TCU,'WR','25','310','12.4','31','3'
JalinConyers,ASU,'TE','24','310','12.9','50','0'
ZavionThomas,MSST,'WR','27','310','11.5','32','1'
QianMagwood,BALL,'WR','34','309','9.1','32','1'
KhafreBrown,USF,'WR','18','305','16.9','84','3'
KoleTaylor,WVU,'TE','25','305','12.2','43','3'
MekhiShaw,SDSU,'WR','21','305','14.5','69','2'
DonovanBrown,SYR,'WR','23','305','13.3','86','1'
ReymelloMurphy,ODU,'WR','15','302','20.1','61','2'
MarkPope,MASS,'WR','24','301','12.5','54','1'
MarioWilliams,USC,'WR','28','301','10.8','29','2'
ChrisParker,CMU,'WR','19','301','15.8','56','2'
MarkRedman,SDSU,'TE','28','300','10.7','29','3'
ErickAll,IOWA,'TE','21','299','14.2','34','3'
WesleyGrimes,WAKE,'WR','16','299','18.7','49','2'
HudsonClement,WVU,'WR','12','298','24.8','70','4'
CaseyWashington,ILL,'WR','27','295','10.9','33','0'
LukeGrimm,KU,'WR','23','295','12.8','48','3'
HaroldFanninJr.,BGSU,'TE','22','293','13.3','40','3'
CoreyCroomsJr.,MINN,'WR','24','292','12.2','30','0'
BugsMortimer,ULM,'WR','15','291','19.4','54','0'
JosephGriffinJr.,BC,'WR','23','291','12.7','35','1'
IsiahPaige,ODU,'WR','30','291','9.7','26','1'
GraysonBarnes,NIU,'WR','16','291','18.2','58','3'
BrionnePenny,SDSU,'WR','24','290','12.1','36','1'
JordanWhittington,TEX,'WR','27','290','10.7','31','0'
TreWatson,FRES,'TE','28','289','10.3','28','4'
TreMosley,MSU,'WR','28','288','10.3','30','2'
GermieBernard,WASH,'WR','21','288','13.7','36','1'
TerranceFerguson,ORE,'TE','27','287','10.6','33','2'
BuckyIrving,ORE,'RB','35','286','8.2','42','1'
JonahColeman,ARIZ,'RB','22','285','13.0','69','1'
RicoFloresJr.,ND,'WR','18','285','15.8','60','1'
CamCamper,IU,'WR','17','285','16.8','41','1'
JayFair,AUB,'WR','28','284','10.1','36','2'
MarquisShoulders,TLSA,'WR','16','283','17.7','80','5'
JBMitchellIII,EMU,'WR','24','283','11.8','50','1'
ChimereDike,WIS,'WR','16','282','17.6','41','1'
KobePaysour,UNC,'WR','22','282','12.8','77','3'
TonyJohnson,FAU,'WR','26','282','10.8','72','3'
Al'vonteWoodard,SHSU,'WR','24','281','11.7','26','2'
CadeMcDonald,M-OH,'WR','21','281','13.4','42','2'
AnthonyTorres,TOL,'TE','16','280','17.5','36','2'
RomelloBrinson,SMU,'WR','18','280','15.6','74','2'
JamesonTucker,CCU,'WR','13','280','21.5','51','2'
DevonteRoss,TROY,'WR','25','280','11.2','38','2'
LorenzoLingard,AKR,'RB','24','279','11.6','77','1'
JavonHarvey,ODU,'WR','14','279','19.9','68','2'
KyleMaxwell,LT,'WR','14','279','19.9','47','2'
PrestonFox,WVU,'WR','18','278','15.4','34','2'
TreyKnox,SC,'TE','32','277','8.7','20','2'
RivaldoFairweather,AUB,'TE','27','277','10.3','53','3'
KobyDrake,MEM,'WR','25','277','11.1','24','2'
DominickMazotti,SJSU,'TE','19','274','14.4','44','1'
JahdaeWalker,TA&M,'WR','18','274','15.2','37','1'
CameronSkattebo,ASU,'RB','20','273','13.6','66','1'
RoderickDanielsJr.,SMU,'WR','16','272','17.0','91','4'
ChrisBell,LOU,'WR','15','272','18.1','48','2'
TraeshonHolden,ORE,'WR','27','271','10.0','60','4'
EliStowers,NMSU,'QB','24','271','11.3','32','0'
HamzeEl-Zayat,EMU,'WR','18','270','15.0','50','2'
WyattWieland,WYO,'WR','29','270','9.3','29','4'
DominickBlaylock,GT,'WR','19','269','14.2','34','1'
StephenGosnell,VT,'WR','19','268','14.1','39','0'
JsiHatfield,ECU,'WR','20','268','13.4','39','0'
ArlisBoardingham,FLA,'TE','23','268','11.7','25','4'
MarquisJohnson,MIZ,'WR','9','268','29.8','76','3'
TreyCleveland,UNT,'WR','18','267','14.8','32','2'
OmarCooperJr.,IU,'WR','18','267','14.8','35','2'
CalebCoombs,MRSH,'WR','30','266','8.9','24','2'
ColeHarrity,BUFF,'WR','31','266','8.6','29','3'
IsaiahAlston,ARMY,'WR','9','266','29.6','70','2'
GaryBryantJr.,ORE,'WR','20','265','13.3','31','2'
JaylonRobinson,TCU,'WR','24','264','11.0','29','1'
BodenGroen,RICE,'TE','27','264','9.8','31','1'
ChristianLeary,GT,'WR','20','263','13.1','44','2'
DJGiddens,KSU,'RB','24','263','11.0','61','1'
JaronGlover,MSU,'WR','14','261','18.6','33','0'
CharlesRoss,SJSU,'WR','19','260','13.7','35','1'
AyirAsante,WYO,'WR','13','259','19.9','66','5'
Ta'ronKeith,BGSU,'RB','27','259','9.6','58','2'
NoahThomas,TA&M,'WR','20','259','12.9','34','4'
JackEndries,CAL,'TE','22','259','11.8','30','1'
MilanTucker,APP,'WR','17','258','15.2','69','1'
DalvinSmith,WKU,'WR','28','257','9.2','42','2'
TrellHarris,KENT,'WR','15','257','17.1','43','1'
EricRivers,FIU,'WR','21','256','12.2','48','0'
BenjaminBrahmer,ISU,'TE','19','255','13.4','48','2'
LandonRansom-Goelz,RICE,'WR','17','255','15.0','44','2'
LukeHasz,ARK,'TE','16','253','15.8','59','3'
JamaalBell,NEV,'WR','29','252','8.7','77','1'
JaydenThomas,ND,'WR','17','251','14.8','39','1'
TysonDavis,CMU,'WR','20','251','12.6','31','2'
DylanEdwards,COLO,'RB','29','251','8.7','75','3'
NoahShort,ARMY,'WR','17','251','14.8','80','2'
AhmadEdwards,BALL,'WR','20','250','12.5','57','1'
AnthonyQueeley,GASO,'WR','26','249','9.6','18','3'
AlexPerry,HAW,'WR','22','249','11.3','38','3'
IsaacTeSlaa,ARK,'WR','25','248','9.9','36','1'
BlairConwright,UNT,'WR','17','247','14.5','43','1'
AnthonySambucci,WMU,'WR','14','247','17.6','64','4'
DylanGoffney,CSU,'WR','20','247','12.4','41','2'
TannerKoziol,BALL,'TE','29','247','8.5','26','2'
WarrenThompson,TCU,'WR','19','246','12.9','33','2'
TheoJohnson,PSU,'TE','24','246','10.3','34','4'
PhoenixSproles,JMU,'WR','29','245','8.4','32','2'
LakeMcRee,USC,'TE','23','245','10.7','31','1'
SkylerBell,WIS,'WR','29','245','8.4','30','1'
MoneyParks,UTAH,'WR','23','244','10.6','70','2'
DeQueceCarter,IU,'WR','16','243','15.2','90','1'
BlakeBosma,WMU,'TE','14','243','17.4','58','2'
TylerWalton,OHIO,'WR','26','242','9.3','27','2'
StefanCobbs,BOIS,'WR','23','241','10.5','40','1'
EliHeidenreich,NAVY,'RB','9','241','26.8','69','4'
BenjaminYurosek,STAN,'TE','16','239','14.9','32','1'
ZachariahBranch,USC,'WR','20','239','11.9','36','2'
JaredWiley,TCU,'TE','26','238','9.2','35','4'
JaydenHarrison,MRSH,'WR','18','237','13.2','35','1'
KyleMorlock,FSU,'TE','17','236','13.9','63','0'
JuniorSherrill,VAN,'WR','15','236','15.7','52','2'
RyanO'Keefe,BC,'WR','23','235','10.2','38','1'
OdieuHiliare,BGSU,'WR','23','235','10.2','32','2'
OmarionMiller,COLO,'WR','10','235','23.5','65','1'
AustinHence,WMU,'TE','22','235','10.7','32','2'
NickCenacle,HAW,'WR','21','235','11.2','52','1'
BillyBowens,BOIS,'WR','16','234','14.6','52','1'
Key'ShawnSmith,SMU,'WR','15','234','15.6','43','2'
QualiConley,SJSU,'RB','19','233','12.3','61','0'
DorianSinger,USC,'WR','22','232','10.5','30','3'
RomanHemby,MD,'RB','26','231','8.9','37','2'
AustinOsborne,BGSU,'WR','21','230','11.0','42','0'
Je'QuanBurton,FAU,'WR','18','230','12.8','39','2'
QuintonLane,JVST,'WR','22','230','10.5','30','1'
JalenBracey,FIU,'WR','20','230','11.5','45','1'
TroyStellato,CLEM,'WR','28','229','8.2','18','1'
DuceRobinson,USC,'WR','9','229','25.4','71','1'
MikeyMatthews,UTAH,'WR','25','229','9.2','40','0'
BrashardSmith,MIA,'WR','17','228','13.4','54','2'
CarnellTate,OSU,'WR','14','228','16.3','55','1'
MarionLukes,CMU,'RB','23','228','9.9','23','0'
RayDavis,UK,'RB','19','227','11.9','58','5'
MichaelHarrison,COLO,'TE','27','227','8.4','21','4'
SenikaMcKie,UNLV,'WR','17','227','13.4','28','0'
BaylinBrooks,SDSU,'WR','13','227','17.5','37','1'
DarryleSimmons,MRSH,'WR','22','226','10.3','31','0'
LarryStephens,TOL,'WR','18','226','12.6','28','2'
XavierGuillory,ASU,'WR','21','226','10.8','47','1'
DonovanEdwards,MICH,'RB','24','225','9.4','37','0'
KoaliNishigaya,HAW,'WR','29','225','7.8','29','1'
ColinWeber,CLT,'TE','25','225','9.0','40','0'
JaylinLucas,IU,'RB','32','225','7.0','44','2'
TobiasMerriweather,ND,'WR','11','224','20.4','75','1'
OscarDelp,UGA,'TE','18','224','12.4','41','3'
HalPresley,BAY,'WR','17','222','13.1','47','0'
JustinRobinson,MSST,'WR','18','221','12.3','30','0'
TruEdwards,LT,'WR','17','221','13.0','36','2'
SpencerCurtis,NEV,'WR','19','220','11.6','73','1'
ChamonMetayer,CIN,'TE','19','220','11.6','35','3'
ThomasFidoneII,NEB,'TE','19','219','11.5','29','4'
OllieGordonII,OKST,'RB','22','219','10.0','50','1'
LeonJohnsonIII,OKST,'WR','10','219','21.9','67','0'
TreytonWelch,WYO,'TE','22','218','9.9','22','2'
JakeJohnson,TA&M,'TE','22','218','9.9','28','3'
AmariNiblack,ALA,'TE','12','218','18.2','39','3'
BhayshulTuten,VT,'RB','24','218','9.1','30','2'
MakaiJackson,APP,'WR','12','218','18.2','67','1'
BruMcCoy,TENN,'WR','17','217','12.8','55','1'
RJHarvey,UCF,'RB','15','217','14.5','50','2'
KevinColeman,LOU,'WR','18','217','12.1','40','1'
RiverHelms,WKU,'TE','14','217','15.5','63','3'
KyreDuplessis,CCU,'WR','13','217','16.7','64','1'
BillyKempIV,NEB,'WR','21','216','10.3','34','1'
AndrewErickson,UNM,'WR','16','216','13.5','52','1'
TylerWarren,PSU,'TE','23','216','9.4','21','6'
JordanBrown,TTU,'WR','16','216','13.5','46','1'
FredFarrierII,UAB,'WR','15','216','14.4','67','0'
DeMarcusHarris,MRSH,'WR','17','215','12.6','36','1'
CadeConley,MRSH,'TE','23','215','9.3','27','1'
IsmailMahdi,TXST,'RB','11','215','19.5','89','1'
A.J.Henning,NU,'WR','29','214','7.4','34','2'
DaejonReynolds,PITT,'WR','20','214','10.7','31','0'
LeroyThomas,WMU,'WR','23','214','9.3','28','1'
O'MegaBlake,SC,'WR','16','214','13.4','41','1'
JayceBrown,KSU,'WR','12','214','17.8','43','2'
CoyEakin,TTU,'WR','18','213','11.8','43','1'
JonathonBrooks,TEX,'RB','22','212','9.6','37','1'
ParkerKingston,BYU,'WR','18','211','11.7','42','1'
ChrisBellamy,NMSU,'WR','14','210','15.0','52','1'
DeeWiggins,CIN,'WR','16','209','13.1','39','1'
DinoTomlin,BC,'WR','16','209','13.1','52','0'
T.J.Jones,UAB,'WR','12','208','17.3','72','2'
SeanBrown,JVST,'TE','16','208','13.0','31','5'
DanielJackson,ISU,'WR','12','208','17.3','39','2'
MasonTaylor,LSU,'TE','23','208','9.0','22','1'
KobePrentice,ALA,'WR','12','208','17.3','79','1'
DaltonCarnes,HOU,'WR','16','208','13.0','41','1'
TauskieDove,MEM,'WR','12','207','17.3','54','1'
NealJohnson,UL,'TE','20','207','10.4','32','2'
AhmariHuggins-Bruce,LOU,'WR','14','207','14.8','55','2'
DarvonHubbard,TEM,'RB','20','205','10.3','37','0'
BoobieCurry,BUFF,'WR','22','204','9.3','29','1'
MolikiMatavao,UCLA,'TE','8','203','25.4','35','2'
YulkeithBrown,TULN,'WR','20','203','10.1','34','1'
JosephHimonII,NU,'RB','12','203','16.9','85','1'
RandyPittman,UCF,'TE','16','203','12.7','39','1'
DaltonStroman,APP,'WR','12','202','16.8','43','2'
Dae'QuanWright,VT,'TE','17','202','11.9','33','0'
JjayMcafee,GASO,'TE','23','202','8.8','32','2'
BentleyHanshaw,LIB,'TE','16','201','12.6','24','5'
OscarCardenas,UTSA,'TE','22','201','9.1','28','1'
MaliqCarr,MSU,'TE','19','201','10.6','22','1'
EJHorton,WVU,'WR','10','201','20.1','45','1'
MelquanStovall,ASU,'WR','14','200','14.3','34','0'
DevinNeal,KU,'RB','21','200','9.5','59','1'
BryceKennon,CLT,'TE','15','200','13.3','36','1'
JaylonJackson,EMU,'RB','18','200','11.1','68','1'
StephonJohnson,HOU,'WR','17','200','11.8','49','2'
BraylenWalker,RICE,'WR','13','200','15.4','36','2'
NakiaWatson,WSU,'RB','18','199','11.1','37','2'
DanteCephas,PSU,'WR','17','199','11.7','26','2'
KaelonBlack,JMU,'RB','20','199','9.9','34','3'
ChristianFitzpatrick,MSU,'WR','12','198','16.5','72','1'
KendallKarr,CCU,'TE','15','198','13.2','32','3'
JordanDingle,UK,'TE','11','198','18.0','59','0'
De'ZhaunStribling,OKST,'WR','14','198','14.1','30','1'
DavisPatterson,NIU,'WR','16','197','12.3','28','0'
TreyBenson,FSU,'RB','16','197','12.3','80','1'
KaireeRobinson,SJSU,'RB','16','197','12.3','63','2'
JackWestover,WASH,'TE','21','196','9.3','21','4'
MaxKlare,PUR,'TE','22','196','8.9','27','0'
RonCookJr.,BUFF,'RB','23','195','8.5','26','1'
JohnJacksonIII,NEV,'WR','24','195','8.1','33','0'
KeelanMarion,BYU,'WR','16','195','12.2','37','0'
TerrellTimmonsJr.,NCSU,'WR','11','195','17.7','47','0'
DuaneThomasJr.,CLT,'WR','18','195','10.8','51','0'
GinoCampiotti,MASS,'TE','15','194','12.9','21','1'
DueceJones,UNM,'WR','8','194','24.3','78','1'
CooperMathers,WSU,'TE','14','194','13.9','39','0'
JordinParker,NMSU,'WR','4','194','48.5','63','3'
JacariCarter,GAST,'WR','27','193','7.1','23','0'
ZachHorton,JMU,'TE','16','193','12.1','66','4'
LandonSides,UNT,'WR','20','193','9.6','39','1'
McCallanCastles,TENN,'TE','15','192','12.8','43','3'
AJBarner,MICH,'TE','17','192','11.3','22','1'
AntonioWilliams,CLEM,'WR','17','192','11.3','33','2'
JadonJackson,KSU,'WR','15','191','12.7','40','2'
TyrinSmith,UTEP,'WR','19','191','10.1','24','1'
JulianFleming,OSU,'WR','19','190','10.0','37','0'
MichaelWiley,ARIZ,'RB','20','190','9.5','40','2'
MaliqueDieudonne,WMU,'WR','19','190','10.0','39','0'
XavierTownsend,UCF,'WR','20','190','9.5','32','2'
OctavianSmithJr.,MD,'WR','20','190','9.5','31','1'
ElijahSmoot,LIB,'WR','9','190','21.1','42','2'
NolanQuinlan,ULM,'TE','14','189','13.5','41','1'
EliWilson,APP,'TE','20','189','9.4','32','3'
LukeFloriea,KENT,'WR','18','189','10.5','43','3'
KahleilJackson,FLA,'WR','16','189','11.8','45','1'
AlexAdams,AKR,'WR','22','188','8.5','29','2'
JohnCopenhaver,UNC,'TE','10','188','18.8','40','3'
JimmyHoliday,WKU,'WR','14','188','13.4','38','1'
JohnGentry,SHSU,'RB','26','188','7.2','56','2'
SamRoush,STAN,'TE','19','188','9.9','27','0'
JadenWilliams,BC,'WR','12','188','15.7','47','1'
DylanWright,TCU,'WR','11','187','17.0','36','2'
JimmyCalloway,LOU,'WR','14','187','13.4','34','0'
CarsenRyan,UCLA,'RB','11','186','16.9','45','3'
WillKacmarek,OHIO,'TE','16','186','11.6','36','2'
BryceDamous,UAB,'TE','21','186','8.9','29','3'
BrandonChatman,NAVY,'RB','11','186','16.9','58','0'
JosiahFreeman,FRES,'WR','15','186','12.4','29','0'
IsaiahWashington,RUTG,'WR','16','185','11.6','24','1'
DJEngland-Chisolm,MTSU,'WR','18','185','10.3','36','2'
SamarioRudolph,UAB,'WR','22','183','8.3','18','1'
MontanaLemonious-Craig,ARIZ,'WR','20','183','9.1','39','2'
TorranceBurgessJr.,UTEP,'RB','14','183','13.1','51','0'
CalebMcMillan,MRSH,'WR','11','182','16.5','75','1'
JesiahIrish,ORST,'WR','10','182','18.2','38','1'
AhmareanBrown,SC,'WR','18','182','10.1','44','0'
RyanDavis,UNM,'WR','14','182','13.0','41','1'
RJGarciaII,KSU,'WR','13','182','14.0','44','1'
MalikhiMiller,SJSU,'WR','16','181','11.3','19','0'
LarryMcCammon,FAU,'RB','21','181','8.6','55','0'
JosephScates,MEM,'WR','17','180','10.6','45','4'
JavonAntonio,COLO,'WR','15','180','12.0','43','2'
DraeMcCray,TTU,'WR','18','180','10.0','44','1'
CarlosHernandez,WSU,'WR','21','180','8.6','19','0'
NoahFrith,LIB,'WR','10','179','17.9','55','1'
KenanChriston,SDSU,'RB','24','179','7.5','16','1'
KelekiLatu,NEV,'TE','14','179','12.8','30','0'
HarveyBroussard,UL,'WR','15','179','11.9','36','1'
JawharJordan,LOU,'RB','12','178','14.8','75','1'
Dont'eThorntonJr.,TENN,'WR','12','178','14.8','47','0'
NyNyDavis,ULM,'WR','20','178','8.9','51','2'
DominicDutton,ODU,'WR','6','178','29.7','58','4'
MarcusWashington,NEB,'WR','8','176','22.0','56','0'
MarcusCarroll,GAST,'RB','16','176','11.0','49','0'
JaydenGibson,OU,'WR','7','176','25.1','41','2'
AnthonyLandphere,MEM,'TE','18','175','9.7','21','2'
Abdul-FataiIbrahim,BGSU,'WR','16','174','10.9','33','2'
LeQuintAllen,SYR,'RB','26','174','6.7','26','1'
Ja'VarriusJohnson,AUB,'WR','10','172','17.2','45','1'
TrevorWilson,KU,'WR','10','172','17.2','58','2'
MudiaReuben,STAN,'WR','13','172','13.2','38','0'
TipReiman,ILL,'TE','15','171','11.4','42','3'
AlexBullock,NEB,'WR','11','171','15.5','34','1'
JordanSmart,UNT,'WR','18','171','9.5','29','0'
DevinCulp,WASH,'TE','12','170','14.2','30','2'
TreVeyonHenderson,OSU,'RB','12','170','14.2','65','0'
HoldenStaes,ND,'TE','13','170','13.1','40','4'
TyWashington,ARK,'TE','11','170','15.5','34','2'
ColbyBowman,USU,'WR','7','169','24.1','63','2'
JonahPanoke,HAW,'WR','16','169','10.6','24','1'
DrewDonley,TXST,'WR','11','169','15.4','42','1'
TyrellHenry,MSU,'WR','17','169','9.9','28','3'
KaleoBallungay,UNLV,'TE','10','168','16.8','39','0'
JaedonWilson,ARK,'WR','12','168','14.0','65','1'
BrevynSpann-Ford,MINN,'TE','18','167','9.3','31','1'
MunirMcClain,UTAH,'WR','6','167','27.8','49','1'
DanVillari,SYR,'TE','19','167','8.8','37','2'
BrocLane,USU,'TE','18','167','9.3','27','0'
GeordonPorter,CONN,'WR','16','166','10.4','28','1'
JadenGreathouse,ND,'WR','12','166','13.8','35','3'
AdamJones,ARST,'WR','8','165','20.6','55','1'
LincolnSefcik,USA,'TE','17','165','9.7','24','1'
KyronHudson,USC,'WR','14','164','11.7','33','1'
JoshCuevas,WASH,'TE','4','164','41.0','57','1'
JordanSmith,TEM,'TE','14','163','11.6','22','3'
KamBrown,UCLA,'WR','13','163','12.5','67','1'
JosiahNorwood,UCLA,'WR','10','161','16.1','81','2'
JoshuaSimon,SC,'TE','19','161','8.5','33','2'
MoochieDixon,SMU,'WR','13','161','12.4','20','1'
HarrisonWallaceIII,PSU,'WR','15','161','10.7','21','0'
NyckHarbor,SC,'WR','10','161','16.1','45','1'
ChristianWells,MASS,'WR','10','160','16.0','68','1'
JohnMichaelGyllenborg,WYO,'TE','15','160','10.7','25','2'
DylanSampson,TENN,'RB','14','160','11.4','37','1'
StarThomas,NMSU,'RB','16','160','10.0','21','1'
AaronBedgood,LIB,'WR','13','159','12.2','29','2'
JadenAlexis,USF,'WR','15','159','10.6','40','1'
MontrellJohnsonJr.,FLA,'RB','23','159','6.9','19','1'
AlexBauman,TULN,'TE','23','159','6.9','23','4'
ElijahSohn,SHSU,'TE','15','159','10.6','28','2'
KamariMorales,UNC,'TE','11','158','14.4','55','0'
CadenPrieskorn,MISS,'TE','8','158','19.8','35','0'
TerranceCarter,UL,'TE','18','158','8.8','35','2'
JameelGardnerJr.,KENT,'WR','17','158','9.3','40','0'
MarShawnLloyd,USC,'RB','10','157','15.7','54','0'
BryceFarrell,STAN,'WR','17','157','9.2','26','1'
OmarionHampton,UNC,'RB','16','157','9.8','29','1'
IsaiahJones,SYR,'WR','8','157','19.6','44','2'
ReaganEaly,ARST,'WR','16','157','9.8','33','1'
GarrettMiller,PUR,'TE','19','155','8.2','28','1'
RasheenAli,MRSH,'RB','19','155','8.2','65','1'
JavonTracy,M-OH,'WR','11','155','14.1','27','2'
ChuckMontgomery,MRSH,'WR','13','155','11.9','19','1'
SemajMorgan,MICH,'WR','12','155','12.9','35','2'
SahmirHagans,DUKE,'WR','19','154','8.1','19','0'
MooseMuhammadIII,TA&M,'WR','17','153','9.0','31','1'
NikMcMillan,BUFF,'WR','10','153','15.3','33','1'
KyleFord,UCLA,'WR','13','152','11.7','37','0'
ShawnHarrisJr.,MASS,'WR','16','152','9.5','24','0'
CharlesRobertson,UL,'WR','11','152','13.8','43','0'
Ja'KhiDouglas,FSU,'WR','8','151','18.9','37','0'
BraydonBennett,CCU,'RB','14','151','10.8','63','0'
MasonPierce,MRSH,'WR','15','150','10.0','23','0'
DJThomas-Jones,USA,'TE','14','150','10.7','33','0'
AlredLuke,ULM,'WR','12','149','12.4','36','0'
BlakeDaniels,EMU,'TE','13','149','11.5','37','0'
NicholasSingleton,PSU,'RB','19','148','7.8','28','1'
GregDesrosiersJr.,MASS,'RB','12','148','12.3','40','2'
CarlChester,TLSA,'WR','9','148','16.4','40','0'
LawranceToafili,FSU,'RB','17','147','8.6','41','1'
JacobyJones,OHIO,'WR','8','147','18.4','42','0'
KevinDavis,M-OH,'RB','10','146','14.6','46','1'
MichaelJacksonIII,USC,'WR','17','146','8.6','16','1'
CJBeasley,CCU,'RB','14','145','10.4','26','0'
BradleyRozner,NCSU,'WR','14','145','10.4','21','2'
QuincySkinnerJr.,VAN,'WR','13','145','11.2','34','1'
ChristionCarter,NIU,'TE','11','145','13.2','32','2'
MoussaBarry,WKU,'WR','9','145','16.1','51','1'
IsaiahHamilton,WSU,'WR','13','144','11.1','39','1'
KimaniVidal,TROY,'RB','12','144','12.0','44','1'
SioneVaki,UTAH,'S','6','144','24.0','53','2'
DawsonPendergrass,BAY,'RB','14','144','10.3','26','0'
KeatonUpshaw,GASO,'TE','13','143','11.0','27','2'
JulianGray,NCSU,'WR','14','143','10.2','64','0'
KeaganJohnson,KSU,'WR','15','143','9.5','20','1'
AhmarianGranger,ODU,'WR','9','143','15.9','40','1'
FinnHogan,BGSU,'WR','10','143','14.3','50','1'
JoJoEarle,TCU,'WR','11','142','12.9','24','1'
AudricEstime,ND,'RB','17','142','8.4','22','0'
ZackDobson,MTSU,'WR','14','141','10.1','72','1'
TrentPennix,NCSU,'TE','12','141','11.8','62','2'
EmaniBailey,TCU,'RB','19','141','7.4','24','0'
GriffinMoore,ILL,'TE','10','140','14.0','46','1'
CameronHite,WAKE,'TE','10','140','14.0','69','2'
MajorEverhart,TCU,'WR','14','140','10.0','22','0'
JohnAdams,TEM,'WR','13','139','10.7','31','2'
KobieCampbell,RICE,'WR','7','139','19.9','70','1'
Jo'QuaviousMarks,MSST,'RB','18','138','7.7','32','1'
TylerFoster,OHIO,'TE','13','138','10.6','50','0'
JoshCameron,BAY,'WR','12','138','11.5','24','0'
JeremyTateJr.,MTSU,'WR','10','137','13.7','40','1'
AdamRandall,CLEM,'WR','13','136','10.5','34','0'
CaseyReynolds,ARMY,'WR','12','136','11.3','27','0'
JosiahMiamen,FIU,'TE','11','135','12.3','38','0'
IanStrong,RUTG,'WR','10','135','13.5','27','2'
MilesMarshall,M-OH,'WR','9','134','14.9','38','0'
DianteVines,IOWA,'WR','12','134','11.2','36','1'
JalenJohnson,NIU,'WR','15','134','8.9','24','1'
ShaneHooks,AUB,'WR','9','133','14.8','32','2'
IsaacGuerendo,LOU,'RB','12','133','11.1','25','0'
SiehBangura,OHIO,'RB','17','133','7.8','29','1'
MalikSherrod,FRES,'RB','25','133','5.3','29','1'
SamOlson,SJSU,'TE','12','133','11.1','29','1'
MichaelPettway,JVST,'WR','12','133','11.1','37','1'
CalebDouglas,FLA,'WR','11','133','12.1','34','1'
KeyonLesane,NCSU,'WR','17','132','7.8','38','0'
MarquezCooper,BALL,'RB','14','132','9.4','26','0'
JamalHaynes,GT,'RB','17','132','7.8','46','0'
ChaseCurtis,TCU,'TE','15','132','8.8','36','1'
WillieMcCoy,UTSA,'WR','15','132','8.8','20','2'
LukeLachey,IOWA,'TE','10','131','13.1','35','0'
TrevorEtienne,FLA,'RB','15','131','8.7','41','0'
GunnarHelm,TEX,'TE','9','131','14.6','25','1'
K.D.Hutchinson,WKU,'WR','17','131','7.7','35','0'
MekhiMews,UGA,'WR','11','131','11.9','54','1'
MonroeYoung,CAL,'WR','12','130','10.8','34','0'
RwehaMunyagiJr.,ORST,'WR','5','130','26.0','37','1'
JakeRoberts,BAY,'TE','16','130','8.1','17','1'
CJDippre,ALA,'TE','7','130','18.6','45','0'
KobePace,UVA,'RB','13','130','10.0','75','3'
EmmanualStevenson,ARST,'TE','18','129','7.2','17','2'
JalenBuckley,WMU,'RB','13','129','9.9','49','0'
DallasPayne,UAB,'TE','11','128','11.6','31','0'
DillonBell,UGA,'WR','14','127','9.1','17','1'
DimitriStanley,ISU,'WR','14','126','9.0','32','0'
DaneKinamon,AFA,'WR','5','126','25.2','94','2'
TylerMorris,MICH,'WR','10','126','12.6','23','0'
JosiahJohnson,OKST,'TE','16','125','7.8','29','1'
DominicRichardson,BAY,'RB','17','125','7.4','18','0'
PorterRooks,NCSU,'WR','10','125','12.5','24','0'
TychaunChapman,UNC,'WR','6','125','20.8','45','1'
JalenWalthall,HAW,'WR','10','125','12.5','38','1'
C.J.Williams,WIS,'WR','13','125','9.6','20','0'
TJBanks,AKR,'TE','17','124','7.3','21','1'
Tar'VarishDawson,COLO,'WR','14','124','8.9','30','1'
ChrisHiltonJr.,LSU,'WR','7','123','17.6','47','1'
SackettWoodJr.,UVA,'TE','7','123','17.6','28','0'
AbdulJanneh,GT,'WR','6','122','20.3','33','2'
JaidenCredle,MTSU,'RB','20','122','6.1','17','1'
FrankGoreJr.,USM,'RB','15','121','8.1','30','1'
TsionNunnally,WSU,'WR','3','121','40.3','72','1'
EddieLewis,SC,'WR','9','120','13.3','46','0'
WillShipley,CLEM,'RB','20','120','6.0','18','2'
MasonTharp,TTU,'TE','11','120','10.9','28','2'
ChandlerPittman,USM,'RB','14','120','8.6','31','0'
MarioAnderson,SC,'RB','15','120','8.0','20','1'
NicoRagaini,IOWA,'WR','15','119','7.9','29','0'
ShaneCalhoun,ECU,'TE','15','119','7.9','17','2'
QuinshonJudkins,MISS,'RB','14','119','8.5','25','1'
JustinHolmes,KENT,'TE','15','119','7.9','16','0'
BlueSmith,WKU,'WR','10','118','11.8','21','1'
KeanuHill,BYU,'WR','10','118','11.8','25','1'
JhariPatterson,ECU,'WR','16','118','7.4','30','0'
DakereonJoyner,SC,'RB','21','117','5.6','27','0'
TreshaunWard,KSU,'RB','15','116','7.7','33','2'
BenjiGosnell,VT,'TE','10','116','11.6','23','0'
C.J.Smith,UGA,'WR','6','116','19.3','47','0'
MartinBlake,SDSU,'RB','8','116','14.5','33','0'
AlecHoller,UCF,'TE','12','115','9.6','21','2'
MarkestonDouglas,FSU,'TE','9','115','12.8','42','2'
JaseMcClellan,ALA,'RB','11','114','10.4','42','0'
GavinWilliams,NIU,'RB','19','114','6.0','18','0'
P.J.Wells,JVST,'WR','8','114','14.3','29','0'
Ja'QuezCross,ARST,'RB','17','114','6.7','18','0'
BraylinPresley,TLSA,'RB','8','114','14.3','32','0'
HudsonHabermehl,UCLA,'TE','5','113','22.6','45','0'
JadenNixon,OKST,'RB','10','113','11.3','60','1'
MarlionJackson,LT,'WR','8','113','14.1','28','0'
DavionErvin-Poindexter,WKU,'RB','13','112','8.6','18','1'
TreyCooley,GT,'RB','11','112','10.2','55','1'
FrankPeasant,MTSU,'RB','10','112','11.2','30','0'
NateJones,LT,'TE','13','112','8.6','33','0'
DevinPrice,FAU,'WR','6','111','18.5','34','1'
KentrelBullock,USA,'RB','14','111','7.9','30','1'
JaylenWright,TENN,'RB','19','111','5.8','20','0'
BryceChildress,NMSU,'WR','3','111','37.0','75','1'
TyRobinson,BALL,'WR','6','111','18.5','27','1'
TroyOmeire,ASU,'WR','10','110','11.0','30','2'
JackBech,TCU,'WR','10','110','11.0','26','0'
LukeWysong,UNM,'WR','7','110','15.7','41','1'
WestonWolff,USF,'TE','12','110','9.2','20','0'
JohntayCookII,TEX,'WR','5','110','22.0','51','0'
JohnnyLangan,RUTG,'TE','13','109','8.4','30','0'
LukeDoty,SC,'QB','11','109','9.9','36','1'
IsaiahHorton,MIA,'WR','6','109','18.2','52','1'
DominicGicinto,UNLV,'WR','6','108','18.0','43','1'
MaxWright,TA&M,'TE','12','108','9.0','20','0'
EdwardSaydee,TEM,'RB','12','108','9.0','16','2'
NickyDalmolin,DUKE,'TE','9','108','12.0','21','0'
La'DamianWebb,USA,'RB','18','108','6.0','19','0'
ElijahGilliam,FRES,'RB','10','108','10.8','32','1'
TraylonRay,WVU,'WR','10','108','10.8','35','1'
JonahBurton,BAY,'WR','8','108','13.5','27','0'
JeremiahNoga,ORST,'WR','7','108','15.4','31','1'
KordellDavid,NMSU,'WR','10','108','10.8','24','0'
DillonJohnson,WASH,'RB','15','107','7.1','20','0'
RyanMarquez,WYO,'WR','10','106','10.6','27','0'
IversonHooks,UAB,'WR','10','106','10.6','20','2'
ChaseLane,GT,'WR','7','105','15.0','48','1'
BrenenThompson,OU,'WR','4','105','26.3','54','0'
JustinBall,VAN,'TE','12','104','8.7','27','1'
JacksonMcDonald,FIU,'TE','10','104','10.4','23','0'
TysonMobley,CCU,'WR','7','104','14.9','33','0'
BrettNorfleet,MIZ,'TE','9','104','11.6','27','1'
GiovanniSanders,ASU,'WR','11','104','9.5','23','0'
SedrickAlexander,VAN,'RB','14','104','7.4','21','0'
CarsonSteele,UCLA,'RB','13','103','7.9','16','2'
JordynBailey,TCU,'WR','5','103','20.6','34','1'
FreddieRoberson,MSST,'WR','8','102','12.8','36','1'
BlaineGreen,OKST,'WR','13','102','7.8','24','0'
CreedWhittemore,MSST,'WR','11','102','9.3','33','2'
JordanFaison,ND,'WR','7','102','14.6','36','1'
SeanShawJr.,TXST,'WR','12','101','8.4','14','0'
BrianHightower,CAL,'WR','10','101','10.1','20','0'
EthanPayne,MRSH,'RB','11','101','9.2','35','0'
JumaOtoviano,RICE,'RB','12','100','8.3','35','0'
DylanLeonard,GT,'TE','10','100','10.0','23','0'
JaydnOtt,CAL,'RB','15','100','6.7','48','1'
BrycePierre,ASU,'TE','13','100','7.7','19','0'
SterlingGalban,JVST,'WR','9','99','11.0','23','1'
RyanRivera,LT,'TE','7','99','14.1','21','0'
TyroneBroden,ARK,'WR','12','99','8.3','19','2'
Ja'CyaisCredle,GAST,'WR','11','99','9.0','16','0'
BobbyGolden,AKR,'WR','13','99','7.6','22','0'
JamaryeJoiner,JVST,'WR','9','98','10.9','22','0'
NathanCarter,MSU,'RB','19','98','5.2','21','0'
RayshonLuke,ARIZ,'RB','3','98','32.7','66','0'
DevinMockobee,PUR,'RB','15','98','6.5','24','0'
MylesBailey,CMU,'RB','12','98','8.2','23','0'
PatrickHerbert,ORE,'TE','10','97','9.7','23','1'
MarcusBellon,UTEP,'WR','10','97','9.7','20','0'
AndyJean,FLA,'WR','6','97','16.2','32','0'
JaydenDixon-Veal,PUR,'WR','12','97','8.1','29','1'
EthanConner,TROY,'TE','8','97','12.1','19','2'
ThomasGordon,NU,'TE','9','96','10.7','18','1'
BraelonAllen,WIS,'RB','24','96','4.0','12','0'
ReeseClark,TEM,'TE','13','96','7.4','28','1'
DaijunEdwards,UGA,'RB','11','95','8.6','23','0'
BrandonBuckhaulter,UAB,'WR','4','95','23.8','75','1'
StacySneed,HOU,'RB','13','95','7.3','58','1'
PrestonHoward,MD,'TE','8','95','11.9','33','0'
KennyJohnson,PITT,'WR','9','95','10.6','34','1'
JarquezHunter,AUB,'RB','11','94','8.5','47','0'
SethAnderson,IOWA,'WR','7','94','13.4','36','1'
GilesJackson,WASH,'WR','12','93','7.8','26','1'
MershawnRice,PUR,'WR','4','93','23.3','43','0'
KadenFeagin,ILL,'RB','8','93','11.6','54','1'
ColeCavallo,USM,'TE','8','92','11.5','17','0'
KennyTracy,M-OH,'RB','8','92','11.5','39','1'
CashJones,UGA,'RB','11','92','8.4','27','1'
MatthewColeman,SJSU,'WR','9','92','10.2','29','0'
TobiOlawole,ARMY,'WR','6','92','15.3','43','0'
AustinStogner,OU,'TE','10','91','9.1','19','0'
BJAlexander,FAU,'WR','9','91','10.1','23','1'
ThomazWhitford,NMSU,'TE','8','91','11.4','20','2'
MarcusSandersJr.,GASO,'WR','6','91','15.2','30','1'
JacobFields,LT,'DB','11','91','8.3','20','0'
MalikBenson,ALA,'WR','8','91','11.4','27','0'
Kay'RonLynch-Adams,MASS,'RB','16','90','5.6','21','0'
E.J.Smith,STAN,'RB','16','90','5.6','22','0'
LiamClifford,PSU,'WR','9','90','10.0','33','0'
BarryJacksonJr.,CIN,'WR','2','90','45.0','65','1'
TyquanHenderson,USM,'WR','9','90','10.0','18','1'
ThomasYassmin,UTAH,'TE','8','89','11.1','41','1'
BaylorCupp,TTU,'TE','8','89','11.1','19','2'
JadenDottin,TOL,'WR','8','89','11.1','16','0'
EvanPrater,CIN,'WR','10','89','8.9','14','0'
DarionWilliamson,FSU,'WR','7','89','12.7','23','1'
GamarionCarter,VAN,'WR','3','89','29.7','41','0'
CraigBurtJr.,WKU,'WR','10','89','8.9','27','0'
C'BoFlemister,PITT,'RB','6','88','14.7','61','1'
GavinBlackwell,UNC,'WR','6','88','14.7','38','0'
TajiHudson,JMU,'WR','8','88','11.0','32','1'
JoshHenderson,IU,'RB','6','88','14.7','22','0'
RicoBarfield,BALL,'RB','6','88','14.7','27','1'
KevinGreenJr.,ARIZ,'WR','7','88','12.6','26','0'
MekhiMiller,MIZ,'WR','6','88','14.7','31','1'
KyeRobichaux,BC,'RB','10','88','8.8','45','0'
MalachiColeman,NEB,'WR','4','88','22.0','44','1'
JaylenLloyd,NEB,'WR','3','88','29.3','73','1'
DonerioDavenport,TXST,'RB','9','88','9.8','27','1'
JujuMcDowell,SC,'RB','10','87','8.7','27','1'
CamrynEdwards,CONN,'RB','10','87','8.7','26','1'
DestynHill,FSU,'WR','6','87','14.5','30','0'
KeshawnWicks,ODU,'RB','11','86','7.8','21','1'
LandonParker,TROY,'WR','5','85','17.0','29','1'
XavierJohnson,OSU,'WR','7','85','12.1','40','0'
GeorgeHolani,BOIS,'RB','11','85','7.7','32','0'
AntonioHarmon,MSST,'TE','10','85','8.5','21','1'
JoshWilliams,LSU,'RB','6','85','14.2','38','1'
KobyDuru,LT,'WR','6','84','14.0','53','2'
TalikKeaton,MRSH,'WR','9','84','9.3','21','0'
PerrisJones,UVA,'RB','4','84','21.0','60','0'
JordanWaters,DUKE,'RB','6','84','14.0','25','0'
KarterJohnson,PITT,'TE','4','84','21.0','50','1'
PaytenSingletary,CIN,'TE','9','84','9.3','32','2'
AhmonGreen,GAST,'TE','11','84','7.6','24','2'
JoshuaThompson,GASO,'WR','2','84','42.0','43','0'
LoganKyle,VAN,'TE','9','83','9.2','28','0'
PeytonHiggins,TROY,'WR','6','83','13.8','32','0'
RodneyHill,FSU,'RB','5','83','16.6','48','0'
JeremiahFranklin,BC,'TE','7','83','11.9','30','1'
RashodDubinion,ARK,'RB','13','83','6.4','26','1'
RuebenOwens,TA&M,'RB','9','83','9.2','26','0'
ClaytonOllendieck,TROY,'TE','7','83','11.9','27','0'
JakeNewell,AKR,'TE','8','83','10.4','29','0'
GavinFreeman,OU,'WR','17','83','4.9','13','1'
RichieHoskins,VAN,'WR','6','83','13.8','27','2'
JefferyPittman,MSST,'RB','10','83','8.3','29','2'
TySonLawton,JMU,'RB','10','82','8.2','14','1'
JaylonBarden,GASO,'WR','9','82','9.1','23','0'
LoganDiggs,LSU,'RB','8','82','10.3','18','0'
AntonioGatesJr.,MSU,'WR','5','82','16.4','45','1'
E.J.WilliamsJr.,IU,'WR','7','82','11.7','21','0'
CamPorter,NU,'RB','15','82','5.5','17','1'
CameronBall,BUFF,'TE','8','82','10.3','32','0'
CadeHarris,AFA,'WR','2','82','41.0','54','1'
BrandonEngel,AFA,'WR','5','82','16.4','28','0'
AnwarLewis,JVST,'RB','10','82','8.2','19','0'
CCEzirim,TOL,'TE','4','82','20.5','35','0'
NathanielPeat,MIZ,'RB','6','81','13.5','49','1'
KodyEpps,BYU,'WR','8','81','10.1','20','0'
JavonteSherman,MTSU,'WR','8','81','10.1','17','0'
HoustonThomas,UTSA,'TE','5','81','16.2','26','0'
DariusTaylor,MINN,'RB','9','81','9.0','25','0'
MalcolmGillie,BALL,'WR','9','81','9.0','18','0'
UlyssesBentleyIV,MISS,'RB','9','80','8.9','25','1'
BlakeNowell,TCU,'WR','8','80','10.0','20','1'
AydenWilliams,MISS,'WR','4','80','20.0','43','0'
ChasNimrod,TENN,'WR','6','80','13.3','39','1'
CooperRusk,TOL,'WR','6','80','13.3','33','2'
BradleyArcher,IU,'TE','6','79','13.2','24','0'
HaydenRucci,WIS,'TE','7','79','11.3','45','0'
AidanBitter,ISU,'WR','5','79','15.8','45','0'
KendrickLaw,ALA,'WR','7','79','11.3','34','0'
IsaahCrocker,NEV,'WR','3','78','26.0','55','1'
EastonDean,ISU,'TE','13','78','6.0','15','1'
JadonThompson,LOU,'WR','6','78','13.0','37','1'
NoahWhittington,ORE,'RB','10','78','7.8','31','0'
MarcusBurke,FLA,'WR','5','78','15.6','37','0'
TalynShettron,OKST,'WR','6','78','13.0','19','0'
MichaelHetzel,APP,'WR','7','78','11.1','22','1'
CamdenBrown,AUB,'WR','8','78','9.8','15','0'
MasonWilliams,OHIO,'TE','3','78','26.0','34','1'
MichelDukes,USF,'RB','8','77','9.6','39','0'
WillNixon,WASH,'RB','10','77','7.7','18','0'
MonteWatkins,NMSU,'RB','8','77','9.6','39','1'
DevinVoisin,USA,'WR','5','77','15.4','29','1'
MattLauter,BOIS,'TE','4','77','19.3','59','0'
MalcolmJohnsonJr.,AUB,'WR','5','77','15.4','30','0'
DJRogers,TCU,'TE','6','77','12.8','22','1'
NathanKent,NAVY,'WR','4','77','19.3','35','1'
TyshawnRussell,SC,'WR','4','77','19.3','50','1'
JordanSmith,NMSU,'WR','6','77','12.8','29','0'
JavonIvory,USA,'WR','10','76','7.6','19','0'
Ay'JaunMarshall,ARMY,'WR','6','76','12.7','20','0'
DrakeAnderson,AKR,'RB','15','75','5.0','15','1'
JacobWarren,TENN,'TE','9','75','8.3','14','3'
CodySchrader,MIZ,'RB','15','75','5.0','9','0'
MarcusMajor,OU,'RB','12','75','6.3','27','1'
JonathanOdom,FLA,'TE','9','75','8.3','23','0'
AaronTurner,CIN,'WR','10','75','7.5','21','2'
MikeO'Laughlin,HOU,'TE','10','74','7.4','13','0'
IfeAdeyi,SHSU,'WR','7','74','10.6','26','0'
PhilMafah,CLEM,'RB','15','74','4.9','13','0'
JakeClemons,CLT,'TE','10','74','7.4','19','1'
RockyBeers,FIU,'TE','7','74','10.6','19','0'
MalikJackson,JVST,'RB','13','73','5.6','16','0'
BrettSeither,GT,'TE','6','73','12.2','35','4'
AveryBoyd,GT,'WR','5','73','14.6','31','2'
Le'MekeBrockington,MINN,'WR','5','73','14.6','25','1'
JordanJames,ORE,'RB','11','73','6.6','22','1'
MalachiHolt-Bennett,UAB,'WR','4','73','18.3','37','1'
JordanNabors,BAY,'WR','8','73','9.1','43','0'
JehlaniGalloway,WMU,'WR','13','72','5.5','19','0'
AliJennings,VT,'WR','5','72','14.4','44','2'
RaheimSanders,ARK,'RB','9','72','8.0','38','0'
ArmaniWinfield,BAY,'WR','6','72','12.0','29','0'
ShaadieClayton-Johnson,TULN,'RB','5','72','14.4','29','0'
KaydinPope,UNM,'WR','5','72','14.4','46','1'
JRWilson,UVA,'WR','6','72','12.0','32','0'
TJHarden,UCLA,'RB','10','72','7.2','25','0'
JohnHumphreys,STAN,'WR','5','71','14.2','31','1'
MalikMcClain,PSU,'WR','6','71','11.8','25','1'
TimothyConerly,UNLV,'WR','7','71','10.1','23','0'
SamScott,WYO,'RB','9','71','7.9','18','0'
KalebWebb,TENN,'WR','6','71','11.8','28','1'
HykeemWilliams,FSU,'WR','4','71','17.8','44','1'
KarsynPupunu,HAW,'WR','5','71','14.2','33','0'
TuckerAshcraft,WIS,'TE','5','71','14.2','24','1'
KamreanJohnson,VAN,'TE','7','71','10.1','17','2'
JoeyGatewood,LOU,'TE','3','70','23.3','34','1'
JaylanFranklin,MSU,'TE','5','70','14.0','46','0'
JaredCasey,KU,'TE','6','70','11.7','24','1'
JoshKattus,UK,'TE','6','70','11.7','18','2'
ChanceMorrow,BUFF,'WR','4','70','17.5','29','0'
JaquaizePettaway,OU,'WR','11','70','6.4','13','0'
BrockLampe,NIU,'FB','5','70','14.0','26','0'
LukeMcGary,TLSA,'TE','6','70','11.7','24','2'
JaylanKnighton,SMU,'RB','8','69','8.6','28','0'
TrevorKardell,KU,'TE','5','69','13.8','20','1'
NateNoel,APP,'RB','12','69','5.8','15','0'
KelseyJohnson,BAY,'TE','9','69','7.7','21','0'
JaednSkeete,BC,'WR','6','69','11.5','34','0'
TahjBrooks,TTU,'RB','18','68','3.8','12','0'
DacariCollins,NCSU,'WR','5','68','13.6','23','1'
AustinJones,USC,'RB','7','68','9.7','24','1'
AlexBrown,WYO,'WR','6','68','11.3','16','0'
Le'VeonMoss,TA&M,'RB','9','68','7.6','19','0'
JalenHale,ALA,'WR','3','68','22.7','33','1'
MitchelCollier,CMU,'TE','7','68','9.7','20','1'
MillerMcCrumby,ARST,'TE','6','68','11.3','21','0'
CadarriusThompson,GAST,'WR','11','67','6.1','11','1'
ArianSmith,UGA,'WR','4','67','16.8','37','1'
IsaacJernagin,SJSU,'WR','8','67','8.4','34','0'
MalachaiJones,TLSA,'WR','4','67','16.8','31','1'
IsaiahEssissima,NEV,'CB','2','67','33.5','43','0'
OrondeGadsdenII,SYR,'TE','7','67','9.6','17','1'
AnthonyHankerson,COLO,'RB','14','67','4.8','12','1'
RobertHenry,UTSA,'RB','12','67','5.6','14','0'
JacobKibodi,UL,'RB','6','66','11.0','37','1'
ElijahYoung,WKU,'RB','9','66','7.3','43','1'
DemieSumo-Karngbaye,UK,'RB','13','66','5.1','18','1'
MichaelAllen,NCSU,'RB','11','66','6.0','19','0'
TyrellRobinson,ARMY,'RB','5','66','13.2','23','0'
DamienMartinez,ORST,'RB','7','66','9.4','16','0'
OJArnold,GASO,'RB','8','66','8.3','21','0'
TaweeWalker,OU,'RB','7','66','9.4','16','0'
AdamMoore,SMU,'TE','3','66','22.0','52','0'
ChrisCarter,TULN,'TE','6','65','10.8','18','0'
SeanDollars,NEV,'RB','14','65','4.6','26','0'
VincentDavisJr.,UNLV,'RB','5','65','13.0','27','1'
MichaelTrigg,MISS,'TE','4','65','16.3','21','1'
LandenKing,UTAH,'TE','7','65','9.3','20','3'
JadarianPrice,ND,'RB','5','65','13.0','40','1'
HankBeatty,ILL,'WR','8','65','8.1','26','0'
JuiceVereen,NCSU,'TE','4','65','16.3','22','0'
ChaseHendricks,OHIO,'WR','7','65','9.3','20','0'
GeorgeTakacs,BC,'TE','6','64','10.7','27','1'
DontaeFleming,TULN,'WR','4','64','16.0','39','0'
JimmyValsinIII,ORST,'WR','4','64','16.0','20','1'
JaquezMoore,DUKE,'RB','4','64','16.0','28','0'
JeremiyahLove,ND,'RB','7','64','9.1','33','0'
L.T.Sanders,WKU,'RB','7','64','9.1','19','0'
BlakeCorum,MICH,'RB','10','63','6.3','20','0'
IsaiahJacobs,UAB,'RB','17','63','3.7','13','0'
PrinceStrachan,BOIS,'WR','4','63','15.8','26','1'
RileySharp,ORST,'TE','4','62','15.5','22','1'
LukeBenson,GT,'TE','6','62','10.3','38','0'
OscarAdawayIII,UNT,'RB','8','62','7.8','15','0'
GeeScottJr.,OSU,'TE','9','62','6.9','14','1'
JacoryCroskey-Merritt,UNM,'RB','6','62','10.3','31','1'
JoshuaNicholson,SDSU,'WR','6','62','10.3','21','1'
OttoTia,USU,'WR','5','62','12.4','37','0'
CJBaxter,TEX,'RB','11','62','5.6','15','0'
AmariDaniels,TA&M,'RB','11','62','5.6','14','0'
MillerGibbs,APP,'TE','4','61','15.3','26','0'
LandonSims,HAW,'RB','10','61','6.1','17','0'
JaylenJenkins,WSU,'RB','6','61','10.2','22','0'
DeshaunFenwick,ORST,'RB','7','60','8.6','20','1'
StephanBraceyJr.,CMU,'WR','9','60','6.7','24','0'
MarshallLang,NU,'TE','6','60','10.0','23','0'
BillyRiviereIII,WSU,'TE','6','60','10.0','18','0'
BrandonFrazier,AUB,'TE','4','60','15.0','39','1'
RonWiggins,JVST,'RB','6','60','10.0','17','0'
MauriceTurner,LOU,'RB','7','60','8.6','27','0'
KyirinHeath,MISS,'TE','4','60','15.0','21','0'
AshtonHollins,ILL,'WR','5','60','12.0','30','0'
VictorRosa,CONN,'RB','9','60','6.7','16','0'
ShaneJohnson,SHSU,'WR','6','60','10.0','19','0'
LiamFortner,ARMY,'WR','2','60','30.0','53','0'
DevontaeHouston,CONN,'RB','4','59','14.8','37','1'
JoshuaCobbs,HOU,'WR','7','59','8.4','17','0'
AaronAnderson,LSU,'WR','12','59','4.9','14','0'
CJDonaldsonJr.,WVU,'RB','8','59','7.4','18','0'
JohnEmeryJr.,LSU,'RB','3','58','19.3','49','0'
JackBradley,RICE,'TE','5','58','11.6','41','1'
DavidLarkins,APP,'TE','8','58','7.3','15','3'
Da'WainLofton,VT,'WR','6','58','9.7','15','0'
KaytronAllen,PSU,'RB','10','58','5.8','15','0'
Gi'BranPayne,ND,'RB','9','58','6.4','42','2'
DJRiles,MTSU,'QB','4','58','14.5','42','1'
NateKurisky,LOU,'TE','7','58','8.3','16','1'
BrandonInniss,OSU,'WR','1','58','58.0','58','1'
JaylonGriffin,UCF,'WR','4','58','14.5','36','1'
TyboRogers,WASH,'RB','3','58','19.3','47','0'
KeeganJones,UCLA,'WR','5','57','11.4','26','0'
TerrellMcDonald,UAB,'TE','6','57','9.5','26','0'
DougEmilien,KU,'WR','5','57','11.4','21','0'
TreyWalker,IU,'TE','7','57','8.1','20','0'
KevorianBarnes,UTSA,'RB','12','57','4.8','14','0'
ZachFryar,UTEP,'TE','9','57','6.3','19','1'
MylesWalker,AKR,'WR','7','57','8.1','16','1'
KevensClercius,CONN,'WR','5','56','11.2','25','1'
LoicFouonji,TTU,'WR','4','56','14.0','25','1'
ZahirAbdus-Salaam,WMU,'RB','12','56','4.7','12','0'
CalebRillos,AFA,'TE','6','56','9.3','22','0'
ZekeMoore,FAU,'TE','11','56','5.1','9','2'
VannSchield,CSU,'RB','9','56','6.2','12','0'
AdrianNorton,AKR,'WR','6','56','9.3','17','0'
SamsonEvans,EMU,'RB','8','55','6.9','13','0'
DeionSmith,BYU,'RB','8','55','6.9','37','1'
DevinMaddox,TOL,'WR','10','55','5.5','17','1'
CalebBurtonIII,AUB,'WR','5','55','11.0','16','0'
TreBradford,LSU,'RB','1','55','55.0','55','0'
IsaiahSategna,ARK,'WR','11','55','5.0','14','1'
StevenStilianos,IOWA,'TE','5','54','10.8','21','0'
RileySmith,BOIS,'TE','7','54','7.7','17','1'
JoVoniJohnson-McCray,RICE,'WR','3','54','18.0','23','0'
OmarionDollison,JMU,'WR','1','54','54.0','54','1'
JordanJohnson,HAW,'RB','9','54','6.0','17','0'
DavisDalton,USM,'WR','5','54','10.8','22','0'
SimeonEvans,SHSU,'QB','9','54','6.0','12','0'
JadenGibson,UVA,'WR','5','54','10.8','23','0'
Ja'shonBenjamin,RUTG,'RB','4','54','13.5','33','1'
DarrellGillJr.,SYR,'WR','6','54','9.0','18','1'
TimGrearJr.,FRES,'WR','4','54','13.5','31','1'
ChrisMottillo,MRSH,'TE','4','53','13.3','20','0'
TonyMathisJr.,HOU,'RB','6','53','8.8','24','1'
WillSwanson,KSU,'TE','4','53','13.3','21','1'
JoshMeredith,WSU,'WR','3','53','17.7','21','1'
RyanCragun,UCLA,'WR','4','52','13.0','27','0'
TreyPotts,PSU,'RB','3','52','17.3','30','1'
BrianBattie,AUB,'RB','7','52','7.4','13','0'
SageEnnis,CLEM,'TE','3','52','17.3','28','0'
JordanBly,ODU,'WR','13','52','4.0','19','1'
MalikElzy,ILL,'WR','5','52','10.4','19','1'
AntonHallJr.,NAVY,'RB','3','52','17.3','45','1'
SuderianHarrison,UVA,'WR','6','52','8.7','15','0'
CamMcCormick,MIA,'TE','6','51','8.5','20','0'
DontaeSmith,GT,'RB','5','51','10.2','22','0'
KobeLewis,FAU,'RB','10','51','5.1','9','0'
TyreseChambers,MD,'WR','7','51','7.3','12','1'
NateBoerkircher,NEB,'TE','5','51','10.2','17','0'
KanyeRoberts,APP,'RB','7','51','7.3','18','0'
LeeBeebe,UAB,'RB','9','51','5.7','17','0'
IsaiahIfanse,CAL,'RB','8','50','6.3','18','1'
JalenMcGaughy,CMU,'WR','4','50','12.5','20','0'
JamesBomba,IU,'TE','5','50','10.0','15','0'
SuttonSmith,MEM,'RB','10','50','5.0','19','0'
XavierIrvin,TEM,'WR','3','50','16.7','28','0'
TylerStephens,MIZ,'TE','5','49','9.8','20','0'
PenyBoone,TOL,'RB','5','49','9.8','13','1'
CoreyKiner,CIN,'RB','12','49','4.1','16','0'
JadenWalley,MSST,'WR','5','49','9.8','19','1'
HaydenHansen,FLA,'TE','7','49','7.0','16','2'
BrennanParachek,MSU,'TE','4','49','12.3','17','0'
ChasePenry,BOIS,'WR','5','48','9.6','18','0'
JaydenUmbarger,NAVY,'WR','6','48','8.0','22','0'
CameronJohnson,WSU,'TE','5','47','9.4','15','0'
JereGetzinger,EMU,'TE','11','47','4.3','9','0'
WyattWilson,AFA,'WR','3','47','15.7','27','0'
PhillippeWesleyII,SDSU,'WR','4','47','11.8','17','0'
CamariWilliams,NAVY,'WR','7','47','6.7','12','1'
StevoKlotz,ISU,'TE','5','47','9.4','24','1'
GarrettOakley,KSU,'TE','4','47','11.8','16','1'
RileyWilliams,MIA,'TE','5','47','9.4','22','1'
TrentWalker,ORST,'WR','2','47','23.5','24','0'
AlexTecza,NAVY,'FB','8','47','5.9','14','0'
BrendenBates,UK,'TE','2','46','23.0','30','0'
KaylonHorton,UNT,'WR','5','46','9.2','13','1'
JalenWhite,GASO,'RB','13','46','3.5','8','1'
JohnnyRichardson,UCF,'RB','12','46','3.8','8','0'
JeremiahHasley,DUKE,'TE','4','46','11.5','21','1'
MalachiRiley,ARIZ,'WR','2','46','23.0','40','0'
CarsonHansen,ISU,'RB','5','46','9.2','16','0'
YamirKnight,JMU,'WR','5','46','9.2','14','0'
TylerHarrell,MIA,'WR','4','45','11.3','14','0'
SoloVaipulu,HAW,'OL','6','45','7.5','23','0'
JarradBaker,UCF,'WR','7','45','6.4','19','0'
JacksonAcker,WIS,'RB','15','45','3.0','8','0'
DeionColzie,ND,'WR','3','45','15.0','25','1'
JordanMosley,MSST,'WR','3','45','15.0','19','1'
RileyNowakowski,WIS,'TE','3','45','15.0','23','0'
OmariKelly,AUB,'WR','2','45','22.5','40','0'
JaviousBond,ECU,'RB','6','45','7.5','19','0'
AddisonOstrenga,IOWA,'TE','6','45','7.5','11','1'
JoquezSmith,TEM,'RB','9','45','5.0','15','1'
KysonBrown,ASU,'RB','8','45','5.6','27','0'
Jai'DenThomas,UNLV,'RB','5','45','9.0','19','0'
MessiahSwinson,ASU,'TE','5','44','8.8','18','0'
SheltonZeonIII,UNLV,'TE','5','44','8.8','12','0'
Ja'QuavionFraziars,FLA,'WR','4','44','11.0','13','0'
DylanDowning,PUR,'RB','5','44','8.8','14','0'
LeshonWilliams,IOWA,'RB','9','44','4.9','25','1'
JoshLifson,LOU,'TE','4','44','11.0','19','0'
AndreDollar,WSU,'TE','3','44','14.7','20','0'
DamariAlston,AUB,'RB','7','44','6.3','11','0'
AntarioBrown,NIU,'RB','10','44','4.4','11','1'
DecorionTemple,CMU,'TE','4','44','11.0','16','0'
JosteinClarke,UTEP,'WR','3','44','14.7','20','1'
DabaFofana,NAVY,'FB','4','44','11.0','17','0'
LJMartin,BYU,'RB','10','44','4.4','13','1'
JacksonHarris,STAN,'WR','1','44','44.0','44','0'
KadariusCalloway,ODU,'RB','7','44','6.3','13','1'
BeauCorrales,TXST,'WR','2','43','21.5','26','0'
HunterSmith,ULM,'RB','5','43','8.6','19','0'
JusticeEllison,WAKE,'RB','9','43','4.8','12','0'
KadenSaunders,PSU,'WR','5','43','8.6','17','1'
JaylonGlover,UTAH,'RB','5','43','8.6','17','0'
RodneyGallagher,WVU,'WR','5','43','8.6','14','0'
ZachHrbacek,SHSU,'RB','7','43','6.1','21','0'
JulienLewis,LT,'WR','2','43','21.5','37','0'
AndrewJacobs,CLT,'WR','4','43','10.8','20','0'
AdamBeale,TOL,'WR','3','42','14.0','22','0'
MarkeseStepp,WKU,'RB','5','42','8.4','23','0'
ReeseWhite,CCU,'RB','5','42','8.4','15','0'
MiyanWilliams,OSU,'RB','4','42','10.5','27','0'
DevinBoddieJr.,WYO,'WR','5','42','8.4','19','0'
ElijahSpencer,MINN,'WR','4','42','10.5','15','1'
BillyDozier,NIU,'WR','3','42','14.0','24','0'
JayRockwell,SHSU,'WR','7','42','6.0','12','1'
MakhiHughes,TULN,'RB','7','42','6.0','12','0'
AyoAdeyi,UNT,'RB','4','42','10.5','15','0'
JaylenAnderson,WVU,'RB','4','42','10.5','10','0'
EmariWhite,UTEP,'WR','2','42','21.0','32','0'
GreysonMorgan,HAW,'TE','7','42','6.0','20','0'
SkylarLoving-Black,SJSU,'TE','4','41','10.3','29','0'
AntaviousWillis,USM,'RB','3','41','13.7','21','0'
ChipTrayanum,OSU,'RB','7','41','5.9','19','0'
RodneyHammondJr.,PITT,'RB','6','41','6.8','15','0'
MavinAnderson,CAL,'WR','2','41','20.5','24','0'
CaseyFilkins,STAN,'RB','6','41','6.8','16','0'
KendallLong,SYR,'WR','3','41','13.7','25','1'
MarkelJohnson,ARMY,'RB','2','41','20.5','26','0'
ChrisCulliver,UNC,'WR','1','41','41.0','41','1'
KenariWilcher,ILL,'WR','4','41','10.3','31','0'
CharlieMangieri,NU,'TE','5','40','8.0','25','1'
GensonHooperPrice,CCU,'WR','1','40','40.0','40','0'
KelleyJoiner,USF,'RB','5','40','8.0','21','0'
DonovanOllie,CIN,'WR','1','40','40.0','40','0'
JalenBerger,MSU,'RB','5','40','8.0','11','0'
ChaunceyMagwood,UCF,'WR','4','40','10.0','18','0'
CalebAnderson,AKR,'WR','6','40','6.7','9','0'
JoshDallas,GASO,'WR','4','40','10.0','15','0'
DanePardridge,NIU,'WR','5','40','8.0','14','1'
KalebJackson,LSU,'RB','5','40','8.0','13','0'
XzaviorKautai,UNT,'TE','6','40','6.7','12','1'
KeldricMoody,LT,'RB','6','40','6.7','10','0'
TyroneTracyJr.,PUR,'RB','13','39','3.0','9','0'
KiaelKelly,BALL,'QB','6','39','6.5','13','0'
MalachiThomas,VT,'RB','5','39','7.8','21','0'
ChrisCarpenter,UTSA,'WR','5','39','7.8','16','0'
JakeMcConnachie,PITT,'WR','1','39','39.0','39','1'
DenzelBoston,WASH,'WR','4','39','9.8','12','0'
BudTolbert,ULM,'WR','4','39','9.8','22','0'
TennelBryant,ARST,'WR','5','39','7.8','20','0'
DavonBooth,USU,'RB','10','39','3.9','9','0'
ZakhariFranklin,MISS,'WR','4','38','9.5','16','1'
JuwaunPrice,SYR,'RB','3','38','12.7','21','0'
IanStewart,TEM,'WR','4','38','9.5','16','0'
CamarWheaton,SMU,'RB','2','38','19.0','25','0'
JohnLeeEldridgeIII,AFA,'RB','5','38','7.6','17','1'
TyreShelton,LT,'RB','7','37','5.3','21','0'
MattAlaimo,CCU,'TE','7','37','5.3','12','0'
KalaniNorris,MTSU,'WR','8','37','4.6','18','1'
DeCarlosBrooks,ASU,'RB','6','37','6.2','11','0'
AntwaneWellsJr.,SC,'WR','3','37','12.3','17','1'
AbuSamaIII,ISU,'RB','5','37','7.4','21','0'
CameronZeidler,NEV,'TE','3','37','12.3','21','0'
MarcusVinson,UTEP,'TE','2','37','18.5','29','0'
PearseMigl,UL,'TE','3','36','12.0','24','0'
AidanRobbins,BYU,'RB','6','36','6.0','12','0'
JabariSmall,TENN,'RB','6','36','6.0','14','0'
KeilanRobinson,TEX,'RB','6','36','6.0','16','0'
TrentWhittemore,UCF,'WR','3','36','12.0','25','0'
EthanHall,TLSA,'TE','6','36','6.0','21','0'
WinstonWrightJr.,FSU,'WR','4','36','9.0','18','0'
MikiSuguturaga,UTAH,'TE','3','36','12.0','17','0'
AndreJohnson,ASU,'WR','4','36','9.0','20','0'
MaxBalthazar,CCU,'RB','7','36','5.1','12','0'
IsaiahJohnson,UNT,'RB','9','36','4.0','15','0'
ReggieLoveIII,ILL,'RB','6','36','6.0','11','0'
AnthonyBrown-Stephens,UK,'WR','4','36','9.0','20','1'
RayRayJoseph,MIA,'WR','6','36','6.0','19','0'
RahsulFaison,USU,'RB','7','36','5.1','26','0'
RyanMontgomery,CIN,'RB','3','35','11.7','25','0'
JamMiller,ALA,'RB','1','35','35.0','35','0'
GavinSawchuk,OU,'RB','7','35','5.0','9','0'
AustinHenderson,LIB,'TE','5','35','7.0','16','1'
TraceBruckler,UNM,'TE','4','35','8.8','25','0'
BrodyDalton,TROY,'TE','2','35','17.5','27','0'
DemondClaiborne,WAKE,'RB','3','35','11.7','22','0'
DawsonMenegatti,CSU,'WR','4','35','8.8','17','0'
ZacharyCard,ORST,'WR','5','35','7.0','14','0'
KeyshawnWoodyard,USA,'WR','2','34','17.0','21','0'
HarrisonWaylee,WYO,'RB','5','34','6.8','12','0'
CamDavis,SDSU,'RB','11','34','3.1','16','0'
TyHahn,NEB,'WR','3','34','11.3','21','0'
TysonRiley,ARMY,'RB','4','34','8.5','22','2'
ShomariLawrence,FIU,'RB','6','34','5.7','17','0'
KhalilDinkins,PSU,'TE','3','34','11.3','16','2'
RonTiavaasue,NMSU,'TE','2','34','17.0','28','0'
MarlonGunnJr.,ECU,'RB','5','34','6.8','13','0'
ReggieVirgil,M-OH,'WR','1','34','34.0','34','1'
CaydenLee,MISS,'WR','1','34','34.0','34','1'
MattByrnes,HOU,'TE','4','34','8.5','18','0'
JoshuaFleeks,NEB,'WR','5','33','6.6','23','0'
BritishBrooks,UNC,'RB','8','33','4.1','12','0'
ZionCarter,BUFF,'TE','4','33','8.3','15','0'
AustinBolt,BOIS,'WR','1','33','33.0','33','0'
QuintonCooley,LIB,'RB','4','33','8.3','16','0'
KonnerFox,TXST,'TE','5','33','6.6','21','1'
KentronPoitier,FSU,'WR','1','33','33.0','33','0'
LVBunkley-Shelton,OU,'WR','3','33','11.0','16','0'
DarriusClemons,MICH,'WR','3','33','11.0','19','0'
PeterKikwata,GAST,'WR','3','33','11.0','21','0'
ChristianLee,UNT,'TE','3','33','11.0','34','0'
AlexBroome,BC,'RB','4','33','8.3','20','1'
JordanMcDonald,UCF,'RB','1','33','33.0','33','0'
EthanDavis,TENN,'TE','2','33','16.5','19','0'
KendrickRaphael,NCSU,'RB','4','33','8.3','14','0'
QuintonJackson,RICE,'RB','6','33','5.5','9','0'
JamoniJones,NMSU,'RB','3','33','11.0','17','0'
AsaMartin,TROY,'RB','4','32','8.0','20','0'
ChrisScott,CIN,'WR','1','32','32.0','32','0'
MattSykes,RICE,'WR','1','32','32.0','32','0'
KobeJohnson,CSU,'RB','4','32','8.0','13','0'
ShaleakKnotts,MD,'WR','4','32','8.0','16','0'
CalvinJohnsonII,NU,'WR','4','32','8.0','11','0'
TuckerHolloway,VT,'WR','4','32','8.0','15','0'
VandreviusJacobs,FSU,'WR','2','32','16.0','19','1'
NehemiahMartinezI,TTU,'WR','2','32','16.0','31','0'
FredrickMoore,MICH,'WR','4','32','8.0','10','0'
ParkerJenkins,HOU,'RB','10','32','3.2','12','0'
MicahRiley,AUB,'TE','1','32','32.0','32','1'
CodyHoward,NAVY,'WR','1','32','32.0','32','0'
VinceBrownII,CSU,'TE','4','32','8.0','11','0'
BryceWilliams,MINN,'RB','4','31','7.8','15','0'
BillyLucas,LIB,'RB','2','31','15.5','16','0'
LJJohnsonJr.,SMU,'RB','4','31','7.8','16','0'
RahjaiHarris,ECU,'RB','6','31','5.2','11','1'
ObieSanni,ODU,'RB','4','31','7.8','13','0'
PaytonMangrum,SC,'WR','2','31','15.5','19','0'
TanakaScott,KU,'WR','3','31','10.3','21','0'
JaydenLimar,ORE,'RB','6','31','5.2','11','0'
DeAndreBuchannon,GASO,'WR','4','31','7.8','10','0'
KDDorsey,GASO,'WR','5','31','6.2','11','0'
JekailMiddlebrook,MTSU,'RB','4','31','7.8','21','0'
MarquisMontgomery,CAL,'WR','3','31','10.3','13','0'
JacquezStuart,TOL,'RB','5','30','6.0','18','0'
Ja'CoreyBrooks,ALA,'WR','3','30','10.0','25','0'
CharlieGordinier,BC,'TE','1','30','30.0','30','0'
JoshMcCray,ILL,'RB','6','30','5.0','10','0'
BlakeSmith,OU,'TE','2','30','15.0','28','1'
JabariBates,SJSU,'RB','8','30','3.8','12','0'
JaydenYork,TTU,'TE','3','30','10.0','19','1'
JeremiahCobb,AUB,'RB','5','30','6.0','11','2'
RashidWilliams,WASH,'WR','2','30','15.0','18','0'
JakeBoust,FRES,'TE','4','30','7.5','12','1'
KadeZimmerman,UNM,'WR','1','30','30.0','30','0'
DonovanFaupel,NMSU,'WR','2','30','15.0','15','0'
ThomasPannunzio,CMU,'WR','6','29','4.8','6','0'
LatrelePalmer,JMU,'RB','3','29','9.7','13','0'
BralonBrown,MISS,'WR','1','29','29.0','29','0'
AnthonyWatkins,TLSA,'RB','5','29','5.8','10','0'
EliSanders,ISU,'RB','4','29','7.3','11','0'
SamuelBrownV,RUTG,'RB','2','29','14.5','27','0'
JacksonSumlin,FAU,'TE','4','29','7.3','11','0'
WyattSullivan,FAU,'TE','5','29','5.8','12','0'
PearceSpurlinIII,UGA,'TE','2','29','14.5','25','0'
JoshSapp,CLEM,'TE','2','29','14.5','25','1'
AydenGreene,VT,'WR','3','29','9.7','12','0'
HaydenReed,ARMY,'RB','4','29','7.3','10','0'
ShadrickByrd,CLT,'RB','7','28','4.0','19','0'
JalenMitchell,CONN,'RB','3','28','9.3','14','0'
ChrisLong,RUTG,'WR','2','28','14.0','19','0'
LeviGazarek,BGSU,'TE','5','28','5.6','15','0'
CalvinHill,TXST,'RB','4','28','7.0','8','0'
JakeOrlando,BUFF,'TE','4','28','7.0','13','0'
BillJackson,TLSA,'RB','5','28','5.6','10','0'
CarterCampbell,SMU,'WR','2','28','14.0','18','0'
Ja'KobiLane,USC,'WR','3','28','9.3','12','0'
ChaseGillespie,VAN,'RB','5','28','5.6','13','0'
JordanMcCants,JVST,'WR','1','28','28.0','28','0'
ColeTurner,CLEM,'WR','3','28','9.3','11','0'
IsaiahWoullard,ULM,'RB','8','27','3.4','19','1'
MikeHollins,UVA,'RB','8','27','3.4','8','1'
TerionStewart,BGSU,'RB','1','27','27.0','27','0'
JayRudolph,SDSU,'TE','4','27','6.8','14','0'
K'WanPowell,USF,'RB','5','27','5.4','12','0'
AllanHouston,LOU,'WR','3','27','9.0','17','0'
DeionHankins,UTEP,'RB','5','27','5.4','11','0'
Var'KeyesGumms,ARK,'TE','2','27','13.5','25','0'
Cam'RonValdez,TTU,'RB','3','27','9.0','15','0'
TrentBattle,TCU,'RB','3','27','9.0','12','0'
MasonFakahua,BYU,'TE','6','27','4.5','11','0'
AndreasPaaske,EMU,'TE','2','27','13.5','21','0'
De'AndreColeman,CCU,'WR','1','27','27.0','27','1'
RicoWalker,MD,'TE','4','27','6.8','16','0'
RobbyWashington,MIA,'WR','2','27','13.5','18','0'
MatthewMcCallister,LT,'WR','2','27','13.5','17','0'
AndrewHenry,UNM,'RB','3','27','9.0','11','0'
CalebKomolafe,NU,'RB','4','27','6.8','14','1'
CharvisThornton,LT,'RB','6','26','4.3','10','1'
HenryParrishJr.,MIA,'RB','8','26','3.3','12','0'
VonSwinton,EMU,'WR','4','26','6.5','13','0'
JacobHopper,USA,'TE','2','26','13.0','14','0'
BryanRobinson,MRSH,'WR','4','26','6.5','12','0'
MikeWashington,BUFF,'RB','10','26','2.6','10','0'
RobbieOuzts,ALA,'TE','2','26','13.0','21','0'
EmmettJohnson,NEB,'RB','3','26','8.7','13','0'
MarkFletcherJr.,MIA,'RB','5','26','5.2','10','0'
TimGans,NMSU,'RB','2','26','13.0','14','0'
TylanHines,HAW,'RB','7','26','3.7','18','0'
DavidAmador,UTSA,'WR','5','26','5.2','9','0'
TrippRiordan,SMU,'TE','1','26','26.0','26','0'
KadeMcIntyre,OU,'TE','1','26','26.0','26','0'
SeanBrown,CLT,'WR','2','26','13.0','19','0'
BrannonSpector,CLEM,'WR','4','25','6.3','11','0'
BeauJohnson,GASO,'TE','3','25','8.3','16','0'
TylerMoore,ISU,'TE','4','25','6.3','14','1'
BrandenAlvarez,SJSU,'WR','2','25','12.5','19','1'
TylerBrennan,ARMY,'WR','1','25','25.0','25','0'
BrockSpalding,ECU,'WR','3','25','8.3','11','0'
AidanMizell,FLA,'WR','2','25','12.5','16','0'
VaughnBlue,LIB,'RB','3','25','8.3','12','1'
JavoniGardere,UTEP,'WR','1','25','25.0','25','1'
ChristianEarls,UNLV,'TE','2','25','12.5','14','0'
J.T.Shrout,ARST,'QB','1','24','24.0','24','0'
TyneilHopper,MSU,'TE','2','24','12.0','13','1'
LeeWitherspoon,UAB,'RB','4','24','6.0','12','0'
KyiWright,JMU,'TE','3','24','8.0','11','0'
JaysonJones,JVST,'WR','2','24','12.0','18','0'
TamatoaMokiao-Atimalala,HAW,'WR','4','24','6.0','9','0'
KoyMoore,AUB,'WR','3','24','8.0','13','0'
JontavisRobertson,DUKE,'WR','3','24','8.0','11','0'
AidanLaughery,ILL,'RB','2','24','12.0','12','0'
TreSpivey,KSU,'WR','1','24','24.0','24','0'
KejuanBullardJr.,SJSU,'WR','1','24','24.0','24','0'
NickPresley,BALL,'WR','4','24','6.0','9','0'
ClaySwinney,CLEM,'WR','1','24','24.0','24','0'
JaysonLittlejohn,USF,'TE','6','24','4.0','6','2'
JaivianThomas,CAL,'RB','3','24','8.0','13','1'
MikeFranklin,UTEP,'RB','3','24','8.0','11','0'
TavionSmith,UL,'WR','2','24','12.0','21','1'
SethPorter,KSU,'WR','2','23','11.5','16','1'
JackColdiron,M-OH,'TE','1','23','23.0','23','0'
NikOgnenovic,AKR,'TE','2','23','11.5','18','0'
CaziahHolmes,FSU,'RB','2','23','11.5','16','1'
Nay'QuanWright,USF,'RB','7','23','3.3','12','0'
KyleMonangai,RUTG,'RB','2','23','11.5','20','0'
JovantaeBarnes,OU,'RB','5','23','4.6','11','0'
KalebBrown,IOWA,'WR','1','23','23.0','23','0'
KeyanBurnett,ARIZ,'TE','2','23','11.5','17','0'
DeuceSpann,FSU,'WR','1','23','23.0','23','0'
AndisonCoby,IU,'WR','3','23','7.7','16','1'
TerronKellman,CLT,'RB','2','23','11.5','19','0'
JoeyBruszer,SMU,'WR','1','23','23.0','23','1'
MaxwellMoss,JMU,'WR','2','23','11.5','13','1'
DTSheffield,WSU,'WR','5','23','4.6','15','0'
JarettGarner,ECU,'WR','4','22','5.5','7','0'
O'ShaanAllison,OHIO,'RB','8','22','2.8','7','0'
DevynFord,ND,'RB','3','22','7.3','12','0'
NickMiles,WYO,'TE','1','22','22.0','22','0'
CameronBonner,BAY,'WR','2','22','11.0','15','0'
TrentHowland,IU,'RB','3','22','7.3','11','0'
EvanLesterJr.,GASO,'TE','2','22','11.0','21','1'
KamrynPerry,IU,'WR','3','22','7.3','9','0'
ConnorWalendzak,TOL,'RB','2','22','11.0','12','0'
LangstonAnderson,TXST,'WR','1','21','21.0','21','0'
TauliaTagovailoa,MD,'QB','1','21','21.0','21','0'
TylerCrowe,BOIS,'RB','3','21','7.0','10','0'
BrandonHayes,USM,'WR','2','21','10.5','17','0'
PeterMontini,CSU,'TE','3','21','7.0','11','0'
JamesBurns,CONN,'WR','2','21','10.5','24','0'
JoshuaLingenfelter,ARMY,'TE','1','21','21.0','21','0'
Ja'QuindenJackson,UTAH,'RB','4','21','5.3','11','0'
EarnestCrownover,TA&M,'RB','2','21','10.5','19','2'
RichardReese,BAY,'RB','6','21','3.5','10','0'
AvionMcBride,GAST,'TE','1','21','21.0','21','0'
NickMunson,BALL,'WR','4','21','5.3','10','0'
AnthonyEvansIII,UGA,'WR','3','21','7.0','15','0'
TitusLyons,TXST,'TE','4','21','5.3','7','0'
KenyonSadiq,ORE,'TE','4','21','5.3','9','0'
AJJones,ARIZ,'WR','3','21','7.0','14','0'
JaydenVirgin,BOIS,'DE','1','21','21.0','21','0'
TreySanders,TCU,'RB','5','20','4.0','8','0'
JaxSherrard,SHSU,'TE','4','20','5.0','8','0'
MycahPittman,UTAH,'WR','3','20','6.7','11','0'
GabeErvinJr.,NEB,'RB','2','20','10.0','12','0'
ColinO'Brien,WYO,'TE','2','20','10.0','14','0'
HenryBoyer,ILL,'TE','3','20','6.7','9','0'
TateCarney,WAKE,'RB','1','20','20.0','20','0'
CarteviousNorton,ISU,'RB','3','20','6.7','15','0'
JaidynDoss,NEB,'WR','2','20','10.0','16','0'
DanielBlood,MIZ,'WR','2','20','10.0','16','0'
EzellJolly,UTEP,'RB','1','20','20.0','20','0'
ZeedHaynes,UGA,'WR','1','20','20.0','20','0'
JayHaynes,CLEM,'RB','2','20','10.0','14','1'
TylerBradley,NAVY,'RB','3','20','6.7','9','0'
DesirrioRiles,ECU,'TE','4','20','5.0','14','0'
KalebCarter,UL,'WR','2','19','9.5','11','0'
SherodWhite,UNM,'RB','4','19','4.8','13','0'
ElijahCollins,OKST,'RB','2','19','9.5','18','0'
PatGarwoIII,BC,'RB','4','19','4.8','5','0'
TajiJohnson,BC,'WR','1','19','19.0','19','0'
AshtonStredick,CAL,'RB','3','19','6.3','16','0'
JustinStephens,TOL,'TE','1','19','19.0','19','0'
ZakWallace,ARST,'RB','5','19','3.8','11','0'
AltonMcCaskill,COLO,'RB','2','19','9.5','18','0'
RoydellWilliams,ALA,'RB','8','19','2.4','7','0'
SeanSallis,MRSH,'TE','2','19','9.5','10','1'
CooperFlanagan,ND,'TE','1','19','19.0','19','1'
MaxBredeson,MICH,'TE','2','19','9.5','14','0'
DevinRoche,ODU,'RB','4','19','4.8','11','0'
JavorianWimberly,CMU,'WR','2','19','9.5','17','0'
JaziunPatterson,IOWA,'RB','2','19','9.5','18','0'
JalenButler,ODU,'TE','5','19','3.8','9','0'
GeraldGreen,ECU,'RB','4','18','4.5','9','0'
Ze'VianCapers,WKU,'WR','3','18','6.0','14','0'
HudsonWolfe,MISS,'TE','1','18','18.0','18','0'
TrentonBourguet,ASU,'QB','1','18','18.0','18','0'
LouisHansen,CONN,'TE','1','18','18.0','18','0'
DalenCambre,UL,'WR','1','18','18.0','18','0'
CameronHarpole,SDSU,'TE','3','18','6.0','8','0'
RaleekBrown,USC,'WR','3','18','6.0','14','0'
JonathanDavidson,BAY,'WR','1','18','18.0','18','0'
JaysonRaines,STAN,'WR','2','18','9.0','11','0'
CharlesCrawfordIII,SHSU,'RB','1','18','18.0','18','0'
TreyaunWebb,FLA,'RB','4','18','4.5','12','0'
DavisSherwood,ND,'TE','2','18','9.0','10','1'
JordanFord,TLSA,'RB','7','18','2.6','10','0'
RyanManning,MD,'WR','2','18','9.0','11','0'
PeterClarke,TEM,'TE','2','18','9.0','16','1'
JymetreHester,FAU,'WR','4','18','4.5','12','0'
PJMartin,USA,'RB','1','18','18.0','18','0'
EverettHunter,UNM,'TE','2','18','9.0','16','0'
WyattMcClour,UNM,'TE','1','18','18.0','18','0'
MalcolmEpps,PITT,'TE','4','17','4.3','12','0'
DrewPyne,ASU,'QB','1','17','17.0','17','0'
KejonOwens,FIU,'RB','3','17','5.7','10','0'
DanDishman,UTSA,'TE','1','17','17.0','17','0'
HampGreene,CLEM,'WR','2','17','8.5','12','0'
DemarcusJonesII,NCSU,'RB','1','17','17.0','17','0'
KrisByrd,GAST,'TE','2','17','8.5','9','0'
AntwanRoberts,MRSH,'RB','1','17','17.0','17','0'
GunnarGreenwald,USF,'TE','4','17','4.3','8','1'
JustinKimber,ULM,'WR','2','17','8.5','15','0'
DecoldestCrawford,LT,'WR','2','17','8.5','10','0'
AndreGreeneJr.,UNC,'WR','2','17','8.5','13','0'
BryceBailey,MTSU,'WR','3','17','5.7','7','1'
C.J.Cole,WVU,'WR','2','17','8.5','10','0'
WillPelissier,WYO,'WR','2','17','8.5','12','0'
KalebJohnson,IOWA,'RB','2','17','8.5','13','0'
DjouvenskySchlenbaker,WSU,'RB','2','17','8.5','11','0'
AdrianMurdaugh,SHSU,'WR','4','17','4.3','5','0'
TaylorSpierto,FLA,'WR','2','17','8.5','10','0'
SethDavis,MSST,'RB','4','17','4.3','13','0'
ShataviousHogan,CMU,'WR','1','17','17.0','17','0'
CortezBraham,WVU,'WR','3','17','5.7','9','0'
MalikBakerII,CLT,'WR','3','17','5.7','9','0'
HaydenLarge,IOWA,'FB','2','17','8.5','15','0'
RandyFieldsJr.,CLT,'WR','3','16','5.3','11','0'
HaydenJunker,KENT,'TE','2','16','8.0','11','0'
TristenTewes,NIU,'TE','2','16','8.0','10','0'
MikeDrennenII,TOL,'RB','2','16','8.0','9','0'
SamAdamsII,WASH,'RB','2','16','8.0','10','0'
JaylonArmstead,SDSU,'RB','3','16','5.3','7','0'
JuTahnMcClain,UK,'RB','3','16','5.3','10','0'
JayDucker,MEM,'RB','3','16','5.3','9','0'
ArtezHooker,FIU,'WR','2','16','8.0','13','0'
TylerLavine,SMU,'RB','3','16','5.3','10','0'
JaylenThomas,KENT,'RB','3','16','5.3','7','0'
DaltonAndrews,TOL,'TE','3','16','5.3','9','1'
JulianLopez,UTEP,'TE','3','16','5.3','8','0'
DaneOlson,CSU,'WR','1','16','16.0','16','0'
EzavierStaples,UCLA,'WR','1','16','16.0','16','0'
JackReynolds,CLT,'WR','2','16','8.0','9','0'
RegisVelez,NAVY,'WR','1','16','16.0','16','1'
JacquesBadolato-Birdsell,NEV,'RB','2','16','8.0','8','0'
ChristianCarter,MEM,'WR','2','16','8.0','9','1'
BryceBohanon,TULN,'WR','1','16','16.0','16','0'
AnthonyTyusIII,NU,'RB','2','16','8.0','9','0'
XavierLoyd,KSU,'WR','1','16','16.0','16','0'
KylishHicks,CONN,'WR','1','16','16.0','16','0'
ChristianAbney,BALL,'TE','3','16','5.3','10','0'
JediyahWilloughby,TOL,'WR','1','16','16.0','16','0'
ChrisAutman-Bell,MINN,'WR','3','15','5.0','10','0'
Sy'veonWilkerson,COLO,'RB','2','15','7.5','11','0'
BryceButler,OHIO,'TE','3','15','5.0','9','1'
PatrickSmith,VAN,'RB','4','15','3.8','15','0'
TylerVanDyke,MIA,'QB','0','15','0.0','15','0'
JohnathanArceneaux,FRES,'RB','2','15','7.5','8','0'
JaylenSargent,WYO,'WR','1','15','15.0','15','0'
VinnyAnthonyII,WIS,'WR','1','15','15.0','15','0'
IkeDaniels,SYR,'RB','2','15','7.5','8','0'
KamIngram,UCF,'RB','1','15','15.0','15','0'
ByrumBrown,USF,'QB','1','15','15.0','15','0'
JacobBarrick,JVST,'TE','2','15','7.5','8','0'
KalebMathis,COLO,'WR','4','15','3.8','7','0'
JakeTaylor,DUKE,'TE','1','14','14.0','14','0'
TannerMordecai,WIS,'QB','2','14','7.0','19','0'
GunnerGentry,WYO,'WR','2','14','7.0','9','1'
AriBroussard,RICE,'RB','2','14','7.0','12','0'
KennyBrewerIII,CMU,'WR','2','14','7.0','9','0'
KeshawnKing,WMU,'RB','1','14','14.0','14','0'
ElijahMojarro,RICE,'TE','1','14','14.0','14','0'
IsaiahNeyor,TEX,'WR','1','14','14.0','14','0'
KahlilBrantley,FAU,'TE','1','14','14.0','14','0'
Mark-AntonyRichards,UCF,'RB','2','14','7.0','11','0'
TylerFromm,AUB,'TE','2','14','7.0','9','0'
AaronYoung,RUTG,'RB','2','14','7.0','10','1'
AJGreen,ARK,'RB','5','14','2.8','8','1'
ZyellGriffin,UNLV,'WR','2','14','7.0','12','0'
D.Q.James,WYO,'RB','2','14','7.0','9','0'
JakeRenda,PITT,'TE','2','14','7.0','12','0'
ReggieBrown,TULN,'TE','1','14','14.0','14','0'
DonMunnerlyn,TOL,'WR','1','14','14.0','14','0'
JordanAnthony,TA&M,'WR','3','14','4.7','11','0'
DurellRobinson,CLT,'RB','1','14','14.0','14','0'
LukeSeib,UTEP,'TE','1','14','14.0','14','0'
HawkinsPolley,BAY,'TE','2','14','7.0','13','1'
AndrewPaul,UGA,'RB','2','14','7.0','7','1'
JohnMateer,WSU,'QB','2','14','7.0','9','0'
DijonStanley,UTAH,'RB','1','14','14.0','14','0'
JambresDubar,BOIS,'RB','5','14','2.8','7','0'
DavionDozier,ARK,'WR','1','14','14.0','14','1'
ChuukyHines,HAW,'WR','3','14','4.7','10','0'
ColePruett,WSU,'WR','2','14','7.0','9','0'
MarshaunBrown,NEV,'WR','1','14','14.0','14','0'
KahanuDavis,USU,'WR','2','14','7.0','10','0'
HaroldJoinerIII,MSU,'LB','2','13','6.5','7','0'
CaseyKelly,ORE,'TE','3','13','4.3','6','1'
JordanYates,SHSU,'QB','1','13','13.0','13','0'
KalelMullings,MICH,'RB','1','13','13.0','13','0'
SoloLewis,LT,'WR','1','13','13.0','13','0'
PJJohnsonIII,NMSU,'WR','2','13','6.5','7','0'
JacobColeman,MTSU,'WR','2','13','6.5','10','0'
MalikBowen-Sims,DUKE,'WR','3','13','4.3','12','0'
ZachEvans,MINN,'RB','1','13','13.0','13','0'
KevinDiaz,ARST,'TE','2','13','6.5','8','0'
JaceWilson,UTSA,'WR','1','13','13.0','13','0'
RaymondCottrell,TA&M,'WR','1','13','13.0','13','1'
MakaiLemon,USC,'WR','4','13','3.3','6','0'
MacMarkway,LSU,'TE','2','13','6.5','8','0'
FamahToure,RUTG,'WR','1','13','13.0','13','0'
ChrisDawnJr.,TXST,'WR','1','13','13.0','13','0'
JustynReid,USM,'TE','1','13','13.0','13','0'
ZachMundell,ARMY,'QB','2','13','6.5','7','0'
JacobyBellazar,MSST,'WR','1','13','13.0','13','0'
LandanBrown,SHSU,'RB','3','13','4.3','6','0'
AnthonyGrant,NEB,'RB','3','12','4.0','9','0'
ChezMellusi,WIS,'RB','3','12','4.0','11','0'
D'WanMathis,TEM,'WR','2','12','6.0','9','0'
KeontezLewis,WIS,'WR','1','12','12.0','12','0'
DonavynLester,UNLV,'RB','4','12','3.0','7','0'
JordanPoole,NCSU,'LB','1','12','12.0','12','1'
HeinrichHaarberg,NEB,'QB','2','12','6.0','10','0'
LawsonAlbright,NU,'TE','2','12','6.0','6','0'
GregGainesIII,ISU,'WR','2','12','6.0','8','0'
KylenAustin,LIB,'WR','1','12','12.0','12','0'
BraylonJames,ND,'WR','1','12','12.0','12','0'
HenryRutledge,CLT,'RB','3','12','4.0','7','0'
DeemsMay,UNC,'TE','1','12','12.0','12','0'
WillieGaines,COLO,'WR','2','12','6.0','9','0'
VictorSnow,BUFF,'WR','1','12','12.0','12','0'
OlsenPatt-Henry,CLEM,'TE','1','12','12.0','12','0'
JaydenO'Rourke,NEV,'TE','1','12','12.0','12','0'
BrendanDoyle,MEM,'TE','3','12','4.0','7','3'
CourtneyReese,UNLV,'RB','4','11','2.8','13','0'
CharlieVincent,UTAH,'RB','2','11','5.5','6','0'
Ja'ShaunPoke,WVU,'WR','2','11','5.5','11','0'
AntwainLittletonII,MD,'RB','3','11','3.7','5','0'
RodriguesClark,USM,'RB','3','11','3.7','7','0'
JacobGill,NU,'WR','1','11','11.0','11','0'
ConnorWitthoft,UNM,'TE','1','11','11.0','11','0'
AaronSteinfeldt,IU,'TE','1','11','11.0','11','0'
JJHenry,MISS,'WR','1','11','11.0','11','0'
CadeYacamelli,WIS,'RB','1','11','11.0','11','0'
RobertBriggsJr.,USU,'RB','6','11','1.8','6','0'
JosiahZamora,USC,'WR','2','11','5.5','6','0'
ZachVigil,UNM,'RB','2','11','5.5','9','0'
WayneKnight,JMU,'RB','1','11','11.0','11','0'
JesseOfurie,RUTG,'WR','2','11','5.5','7','0'
CedricHawkins,ARST,'RB','1','11','11.0','11','0'
DeeWilliams,TENN,'DB','1','11','11.0','11','0'
CataurusHicks,LOU,'WR','1','11','11.0','11','0'
JyaireShorter,AUB,'WR','1','10','10.0','10','0'
JordanMorris,SHSU,'DB','1','10','10.0','10','0'
JulianOrtega-Jones,TXST,'WR','2','10','5.0','6','0'
DarwinBarlow,USC,'RB','1','10','10.0','10','0'
AndrewBench,BGSU,'TE','2','10','5.0','8','0'
NateMuersch,M-OH,'TE','3','10','3.3','5','1'
JermaineTerryII,ORST,'TE','2','10','5.0','6','0'
RockoGriffin,UTSA,'RB','4','10','2.5','7','0'
EthanWright,CIN,'RB','1','10','10.0','10','0'
JoshuaRawlings,UVA,'TE','2','10','5.0','9','1'
JelaniStafford,CONN,'DL','1','10','10.0','10','0'
CharlieBrowder,TENN,'TE','2','10','5.0','8','0'
Dre'lynWashington,UL,'RB','2','10','5.0','6','1'
BrandonThomas,MEM,'RB','2','10','5.0','6','0'
EJWilsonJr.,TEM,'RB','4','10','2.5','9','0'
RyanMorgan,ASU,'TE','1','10','10.0','10','0'
DJAllen,TCU,'WR','2','10','5.0','7','0'
VictorVenn,LIB,'RB','2','10','5.0','9','1'
AshtonHayes,NEV,'RB','5','10','2.0','4','0'
MaximusWebster,BALL,'TE','4','10','2.5','9','1'
CharlesRogers,SJSU,'LB','1','10','10.0','10','1'
DylanBraithwaite,RUTG,'WR','1','10','10.0','10','0'
EliFinley,LT,'TE','2','10','5.0','5','0'
TyreeKelly,USF,'WR','1','10','10.0','10','0'
DorianLewis,UNM,'RB','2','10','5.0','8','0'
JamaiEast,ORST,'WR','1','10','10.0','10','0'
MarcusRogers,TROY,'WR','2','9','4.5','5','0'
JahmylJeter,TXST,'RB','1','9','9.0','9','0'
JalenKnox,MISS,'WR','1','9','9.0','9','0'
MattSalerno,ND,'WR','1','9','9.0','9','0'
RahmirJohnson,NEB,'RB','3','9','3.0','6','0'
NolanMatthews-Harris,SMU,'TE','1','9','9.0','9','1'
KendallMilton,UGA,'RB','2','9','4.5','11','0'
B.J.Harris,CMU,'RB','1','9','9.0','9','0'
DanielHishawJr.,KU,'RB','1','9','9.0','9','0'
NickKallerup,MINN,'TE','2','9','4.5','5','0'
ToddJustice,USA,'TE','2','9','4.5','6','0'
IsaacRoss,MASS,'WR','3','9','3.0','6','0'
CalebHood,UNC,'RB','1','9','9.0','9','0'
BanksPope,CLEM,'TE','1','9','9.0','9','0'
JaleelSkinner,MIA,'TE','1','9','9.0','9','0'
OmariEvans,PSU,'WR','2','9','4.5','5','1'
VaughnPemberton,BALL,'RB','4','9','2.3','5','0'
DevonTauaefa,HAW,'TE','1','9','9.0','9','0'
GabeBurkle,ISU,'TE','2','9','4.5','5','0'
SedrickIrvin,STAN,'RB','2','9','4.5','5','0'
AjayAllen,MIA,'RB','4','9','2.3','6','0'
JackLausch,NU,'QB','2','9','4.5','7','0'
XayvionTurner-Bradshaw,VT,'WR','1','9','9.0','9','0'
GrantMisch,UVA,'TE','2','8','4.0','4','0'
TorryLocklin,KU,'RB','2','8','4.0','4','1'
BrandonCrum,USA,'TE','2','8','4.0','5','1'
WillHoward,KSU,'QB','1','8','8.0','8','1'
KrisHutson,ORE,'WR','1','8','8.0','8','0'
NickRempert,TLSA,'WR','1','8','8.0','8','0'
KadenDudley,BOIS,'RB','2','8','4.0','7','0'
DamienTaylor,TROY,'RB','3','8','2.7','4','0'
ColbyPowers,TLSA,'TE','1','8','8.0','8','0'
SimeonPrice,MSST,'RB','1','8','8.0','8','0'
DonaldChaneyJr.,MIA,'RB','3','8','2.7','4','0'
CristianDriver,PSU,'WR','1','8','8.0','8','0'
JustinMorris,BALL,'TE','1','8','8.0','8','0'
HaakonAnderson,WIS,'WR','1','8','8.0','8','0'
MarlinKlein,MICH,'TE','1','8','8.0','8','0'
CamdenSirmon,WASH,'WR','1','8','8.0','8','0'
QuentinMoore,WASH,'TE','1','8','8.0','8','0'
PeytonO'Leary,MICH,'WR','1','8','8.0','8','1'
GavinYates,BAY,'TE','1','8','8.0','8','0'
BraylonMcReynolds,USA,'RB','1','8','8.0','8','0'
KeyshaunPipkin,NIU,'WR','1','8','8.0','8','0'
JaronTibbs,PUR,'WR','1','8','8.0','8','0'
JeremiahAaron,WVU,'WR','1','8','8.0','8','0'
DenzilAlleyne,WKU,'WR','1','8','8.0','8','1'
JamariPerson,CSU,'WR','1','8','8.0','8','0'
AndrewSchnackenberg,BUFF,'TE','2','8','4.0','6','1'
LeoKemp,SDSU,'RB','1','8','8.0','8','0'
JacqezBarksdale,BUFF,'RB','6','8','1.3','4','0'
BrianSnead,ARST,'RB','1','7','7.0','7','0'
SolomonVanhorse,JMU,'RB','1','7','7.0','7','0'
ElijahDowning,LOU,'WR','1','7','7.0','7','0'
VeltonGardner,SMU,'RB','1','7','7.0','7','0'
RodHeardII,NU,'DB','1','7','7.0','7','0'
MicahHilts,SMU,'TE','1','7','7.0','7','0'
DemarkcusBowman,UCF,'RB','2','7','3.5','4','0'
J'WanEvans,JVST,'RB','2','7','3.5','5','0'
BayneTryon,TLSA,'TE','1','7','7.0','7','1'
MalickMeiga,PSU,'WR','1','7','7.0','7','0'
AJToney,MTSU,'WR','3','7','2.3','7','0'
AlanteBrown,MSU,'WR','2','7','3.5','5','0'
MaximilianMang,SYR,'TE','1','7','7.0','7','0'
JaisonPatterson,BGSU,'RB','1','7','7.0','7','0'
LandonRogers,UNLV,'WR','1','7','7.0','7','0'
ZayFranks,USM,'WR','1','7','7.0','7','0'
ZuberiMobley,FAU,'RB','1','7','7.0','7','0'
JaydonBlue,TEX,'RB','1','7','7.0','7','0'
DakotaTwitty,UVA,'WR','1','7','7.0','7','0'
XavierArline,NAVY,'QB','2','7','3.5','6','0'
IsaiahGarcia-Castaneda,NEB,'WR','1','7','7.0','7','0'
CalebMerritt,WYO,'WR','1','7','7.0','7','0'
RogerWalters,CLT,'WR','1','7','7.0','7','0'
WilliamFowles,LOU,'WR','1','7','7.0','7','0'
EvanMalcore,NIU,'OL','0','7','0.0','7','0'
ColeSpeer,UGA,'WR','1','7','7.0','7','0'
RobertStafford,MIA,'DB','1','7','7.0','7','0'
QuintenJoyner,USC,'RB','1','7','7.0','7','0'
IsraelCarter,USF,'QB','1','7','7.0','7','0'
MontraviusLloyd,PITT,'RB','1','7','7.0','7','0'
ElijaWalton,GASO,'TE','1','7','7.0','7','0'
LucaCaldarella,UTAH,'WR','1','7','7.0','7','0'
JamarionCarroll,SMU,'WR','1','7','7.0','7','0'
SamHicks,CMU,'RB','3','7','2.3','8','0'
BennettGalloway,ULM,'RB','1','7','7.0','7','0'
DaytonSneed,TENN,'WR','1','7','7.0','7','0'
IsaacHodgins,ORST,'DL','2','6','3.0','4','1'
D'MarcusAdams,SYR,'WR','1','6','6.0','6','0'
ShawnBowman,RUTG,'TE','1','6','6.0','6','0'
MicahBernard,UTAH,'RB','2','6','3.0','8','0'
DeonFountain,CCU,'WR','1','6','6.0','6','0'
LeonFranklin,MICH,'RB','1','6','6.0','6','0'
JakeSchultz,OKST,'FB','1','6','6.0','6','0'
KadinnMorris,WMU,'TE','1','6','6.0','6','0'
JoshSterzer,USU,'TE','1','6','6.0','6','0'
MaxReese,EMU,'TE','1','6','6.0','6','0'
MasonWheeler,WASH,'WR','1','6','6.0','6','0'
JahiemWhite,WVU,'RB','1','6','6.0','6','0'
BryanHenry,HOU,'TE','1','6','6.0','6','1'
KeithWillisJr.,LT,'RB','3','6','2.0','4','0'
JamariFerrell,WYO,'RB','1','6','6.0','6','0'
JacobGodfrey,UNM,'WR','1','6','6.0','6','0'
ErikPizarro,KSU,'WR','1','5','5.0','5','0'
AsherAlberding,CAL,'TE','1','5','5.0','5','0'
YusufTerry,USF,'WR','1','5','5.0','5','0'
SeanTyler,MINN,'RB','3','5','1.7','13','0'
EthanGarbers,UCLA,'QB','1','5','5.0','5','0'
MicahKelly,TOL,'RB','1','5','5.0','5','0'
CoreyWren,TCU,'RB','1','5','5.0','5','0'
SeanGreeley,MD,'LB','2','5','2.5','4','2'
EvanMorris,MSU,'TE','2','5','2.5','4','0'
JackKennedy,NU,'WR','1','5','5.0','5','0'
AveryWhite,USM,'TE','1','5','5.0','5','0'
JoeyBearnsIII,CLT,'TE','2','5','2.5','7','0'
MylesMontgomery,CIN,'RB','5','5','1.0','4','0'
MaxPatterson,RUTG,'WR','1','5','5.0','5','0'
WillieShawIII,TOL,'RB','1','5','5.0','5','0'
XavierColeman,BC,'RB','1','5','5.0','5','0'
TroyLewis,JMU,'WR','1','5','5.0','5','0'
JaniranBonner,NEB,'FB','1','5','5.0','5','0'
MaxHoller,UCF,'TE','1','5','5.0','5','0'
EthanErickson,BYU,'TE','1','5','5.0','5','0'
RobertSmith,MD,'WR','2','5','2.5','5','0'
BrockRechsteiner,JVST,'WR','1','5','5.0','5','0'
AminHassan,NAVY,'RB','1','5','5.0','5','0'
MatthewKlopfenstein,BAY,'TE','1','5','5.0','5','0'
EvanDickens,GT,'RB','1','5','5.0','5','0'
AnthonyFriasII,KSU,'RB','2','5','2.5','5','0'
GarrettShrader,SYR,'QB','2','4','2.0','9','0'
TahjGary,TLSA,'RB','1','4','4.0','4','0'
DominiqueJohnson,ARK,'RB','2','4','2.0','6','0'
JarenMangham,MSU,'RB','2','4','2.0','7','0'
ElijahCanion,PUR,'WR','1','4','4.0','4','0'
TylerSavage,ECU,'TE','2','4','2.0','6','0'
DanielCarter,PITT,'RB','2','4','2.0','4','0'
JustinJohnsonJr.,WVU,'RB','2','4','2.0','3','0'
KyreseRowan,USU,'WR','1','4','4.0','4','0'
NickHarris,CONN,'TE','1','4','4.0','4','1'
DeyunkreaLewis,TROY,'TE','1','4','4.0','4','0'
KeeganWilburn,OHIO,'WR','1','4','4.0','4','0'
CoreyCuascut-Palmer,TEM,'CB','1','4','4.0','4','0'
DonnieGray,NU,'WR','1','4','4.0','4','0'
KelanRobinson,ECU,'WR','1','4','4.0','4','0'
CalebDriskill,WYO,'FB','1','4','4.0','4','1'
CalebSchmitz,CIN,'TE','1','4','4.0','4','0'
ChaseKetterer,ND,'RB','1','4','4.0','4','0'
PrestonDaniel,FSU,'TE','1','4','4.0','4','1'
TobiasWeaver,SHSU,'RB','1','4','4.0','4','0'
Mata'avaTa'ase,BYU,'TE','1','4','4.0','4','0'
KarmelloEnglish,MICH,'WR','1','4','4.0','4','1'
JohnLocke,LT,'TE','2','4','2.0','3','1'
DomoniqueThomas,CLEM,'RB','1','4','4.0','4','0'
RyanButler,STAN,'RB','1','4','4.0','4','0'
TonyLivingston,FLA,'TE','1','4','4.0','4','0'
TylerWilliams,UGA,'WR','1','4','4.0','4','0'
MicahWoods,BUFF,'WR','1','4','4.0','4','0'
MarcelloBussey,MEM,'WR','1','4','4.0','4','0'
ElijahDavis,UL,'RB','1','4','4.0','4','0'
AlanBowman,OKST,'QB','1','3','3.0','3','0'
JudeWolfe,USC,'TE','1','3','3.0','3','1'
NolanRucci,WIS,'OL','1','3','3.0','3','1'
KamarroEdmonds,ECU,'RB','1','3','3.0','3','0'
BrandonCampbell,HOU,'RB','1','3','3.0','3','0'
KendrellFlowers,NIU,'RB','1','3','3.0','3','0'
JaylenColeman,DUKE,'RB','1','3','3.0','3','0'
TalmageGunther,BYU,'WR','1','3','3.0','3','0'
JeremiahWebb,USA,'WR','1','3','3.0','3','1'
ColbyMcDonald,MD,'RB','1','3','3.0','3','0'
ThomasZsiros,TOL,'WR','1','3','3.0','3','0'
TerryWilkins,MTSU,'RB','2','3','1.5','3','0'
GavinGarcia,KENT,'RB','1','3','3.0','3','0'
BryceDuke,VT,'RB','1','3','3.0','3','0'
DavidCordero,HAW,'RB','1','3','3.0','3','0'
QuinnEwers,TEX,'QB','1','3','3.0','3','0'
ChristianWashington,UNM,'RB','1','3','3.0','3','0'
DylanWade,MD,'TE','2','3','1.5','3','1'
KellanHood,UNC,'RB','1','3','3.0','3','0'
KeatonCheves,SMU,'WR','1','3','3.0','3','0'
DaelenAlexander,RICE,'RB','1','3','3.0','3','1'
WillMonney,USU,'TE','1','3','3.0','3','0'
RickeyHunt,OHIO,'RB','1','3','3.0','3','0'
JoachimBangda,CLT,'RB','1','2','2.0','2','0'
DukeOlges,NU,'TE','1','2','2.0','2','0'
EmerySimmons,UTAH,'WR','1','2','2.0','2','0'
KedonSlovis,BYU,'QB','1','2','2.0','2','0'
MalikHornsby,TXST,'QB','1','2','2.0','2','0'
DJWilliams,ARIZ,'RB','1','2','2.0','2','0'
HamptonEarle,CLEM,'WR','1','2','2.0','2','0'
OwenMcGowan,BC,'LB','1','2','2.0','2','1'
JhaylinEmbry,BGSU,'WR','1','2','2.0','2','0'
TreylanDavis,WVU,'TE','2','2','1.0','1','0'
StoneEby,SMU,'OL','1','2','2.0','2','1'
JamalJohnson,BGSU,'RB','1','2','2.0','2','0'
EthanDirrim,GASO,'TE','1','2','2.0','2','0'
MehkiWall,DUKE,'WR','1','2','2.0','2','0'
JayshonPlatt,FAU,'WR','1','2','2.0','2','0'
ZylanPerry,UL,'RB','1','2','2.0','2','0'
CJHester,WMU,'RB','1','2','2.0','2','0'
ChrisJohnsonJr.,MIA,'RB','1','2','2.0','2','0'
XavierWilliams,KENT,'RB','1','1','1.0','1','0'
PeytonSawyer,HOU,'WR','1','1','1.0','1','0'
SheaWhiting,BOIS,'WR','1','1','1.0','1','0'
RashadAmos,M-OH,'RB','3','1','0.3','6','0'
J.J.Sparkman,TTU,'WR','1','1','1.0','1','0'
ByronMurphyII,TEX,'DL','1','1','1.0','1','1'
AmaadFoston,UVA,'RB','1','1','1.0','1','0'
TannerArkin,ILL,'TE','1','1','1.0','1','1'
DaylanSmothers,OU,'RB','1','1','1.0','1','0'
JohnnyPascuzzi,IOWA,'TE','1','1','1.0','1','0'
BertAuburn,TEX,'PK','1','1','1.0','1','0'
BrysonWashington,BAY,'RB','1','1','1.0','1','0'
Ka'MorreunPimpton,LSU,'TE','1','1','1.0','1','0'
BradySmall,ARMY,'OL','0','1','0.0','1','0'
DanteZanders,FLA,'TE','1','-1','-1.0','0','0'
Ta'QuanRoberson,CONN,'QB','0','-1','0.0','0','0'
Cam'ronBarfield,BC,'RB','1','-1','-1.0','0','0'
CarterLambert,JVST,'QB','1','-1','-1.0','-1','0'
JordanLovett,TROY,'RB','1','-1','-1.0','0','0'
CalebGoodie,CSU,'WR','1','-1','-1.0','-1','0'
DraydenDickmann,RICE,'WR','1','-1','-1.0','-1','0'
NathanRoberts,TENN,'WR','1','-1','-1.0','-1','0'
RayPaulo,BYU,'TE','1','-1','-1.0','-1','0'
ColsonYankoff,UCLA,'RB','1','-2','-2.0','0','0'
TramelLogan,USF,'DE','1','-2','-2.0','-2','0'
TerrenceWilliams,UL,'RB','1','-2','-2.0','0','0'
DallanHayden,OSU,'RB','1','-2','-2.0','0','0'
JackBrowning,SDSU,'PK','1','-2','-2.0','0','0'
KalebBlack,ASU,'WR','1','-2','-2.0','0','0'
JalenCoit,NCSU,'WR','1','-3','-3.0','0','0'
JordanHouston,NCSU,'RB','3','-3','-1.0','0','0'
BronsonBarron,WKU,'QB','1','-3','-3.0','0','0'
NasjzaeBryant-Lelei,HAW,'RB','1','-3','-3.0','0','0'
ZionFowler-El,PITT,'WR','1','-3','-3.0','-3','0'
SamHartman,ND,'QB','0','-4','0.0','0','0'
GrantWilson,ODU,'QB','0','-4','0.0','0','0'
KellenStewart,MTSU,'WR','2','-5','-2.5','7','0'
ChaseLundt,CONN,'OL','0','-6','0.0','-6','0'
AveryMorrow,CSU,'RB','2','-6','-3.0','0','0'
MilesDavis,BYU,'RB','1','-7','-7.0','0','0'
EthanVasko,CCU,'QB','1','-7','-7.0','0','0'
ZacLarrier,AFA,'QB','1','-8','-8.0','0','0'
ThomasCastellanos,BC,'QB','1','-9','-9.0','0','0'
DewayneColeman,ARMY,'QB','0','-10','0.0','0','0'
