Player,School,POS,ATT,YDS,AVG,LNG,TD
Kimani Vidal,TROY,['RB'],['196'],"['1,119']",['5.7'],['69'],['7']
Ollie Gordon II,OKST,['RB'],['141'],"['1,087']",['7.7'],['75'],['10']
Marcus Carroll,GAST,['RB'],['197'],"['1,060']",['5.4'],['63'],['12']
Tahj Brooks,TTU,['RB'],['193'],"['1,037']",['5.4'],['38'],['7']
Peny Boone,TOL,['RB'],['136'],['990'],['7.3'],['71'],['9']
Kay'Ron Lynch-Adams,MASS,['RB'],['178'],['926'],['5.2'],['47'],['9']
Jonathon Brooks,TEX,['RB'],['144'],['923'],['6.4'],['67'],['7']
Omarion Hampton,UNC,['RB'],['160'],['923'],['5.8'],['68'],['10']
Ashton Jeanty,BOIS,['RB'],['157'],['921'],['5.9'],['68'],['11']
Emani Bailey,TCU,['RB'],['165'],['908'],['5.5'],['74'],['4']
Audric Estime,ND,['RB'],['146'],['901'],['6.2'],['80'],['12']
Ismail Mahdi,TXST,['RB'],['118'],['854'],['7.2'],['65'],['8']
Antario Brown,NIU,['RB'],['137'],['843'],['6.2'],['80'],['7']
Jawhar Jordan,LOU,['RB'],['110'],['824'],['7.5'],['74'],['10']
Ray Davis,UK,['RB'],['127'],['823'],['6.5'],['75'],['9']
Cody Schrader,MIZ,['RB'],['140'],['807'],['5.8'],['52'],['9']
Quinton Cooley,LIB,['RB'],['139'],['802'],['5.8'],['32'],['7']
Jalen Buckley,WMU,['RB'],['139'],['775'],['5.6'],['75'],['7']
Makhi Hughes,TULN,['RB'],['141'],['772'],['5.5'],['43'],['5']
Devin Neal,KU,['RB'],['115'],['771'],['6.7'],['75'],['7']
MarShawn Lloyd,USC,['RB'],['99'],['766'],['7.7'],['56'],['8']
Damien Martinez,ORST,['RB'],['119'],['763'],['6.4'],['64'],['3']
Blake Watson,MEM,['RB'],['120'],['762'],['6.3'],['69'],['9']
Terion Stewart,BGSU,['RB'],['125'],['762'],['6.1'],['54'],['8']
Braelon Allen,WIS,['RB'],['130'],['754'],['5.8'],['52'],['8']
Jaydn Ott,CAL,['RB'],['125'],['754'],['6.0'],['66'],['8']
Kyle Monangai,RUTG,['RB'],['144'],['744'],['5.2'],['55'],['7']
Bucky Irving,ORE,['RB'],['101'],['732'],['7.2'],['56'],['8']
La'Damian Webb,USA,['RB'],['134'],['727'],['5.4'],['65'],['14']
DJ Giddens,KSU,['RB'],['116'],['722'],['6.2'],['43'],['7']
Kairee Robinson,SJSU,['RB'],['111'],['719'],['6.5'],['52'],['13']
Jaylen Wright,TENN,['RB'],['102'],['713'],['7.0'],['52'],['2']
RJ Harvey,UCF,['RB'],['126'],['712'],['5.7'],['54'],['6']
Emmanuel Michel,AFA,['FB'],['155'],['696'],['4.5'],['53'],['9']
Rasheen Ali,MRSH,['RB'],['136'],['693'],['5.1'],['61'],['11']
Quinshon Judkins,MISS,['RB'],['146'],['691'],['4.7'],['40'],['9']
Frank Gore Jr.,USM,['RB'],['139'],['681'],['4.9'],['75'],['6']
Deion Hankins,UTEP,['RB'],['123'],['679'],['5.5'],['54'],['3']
Marquez Cooper,BALL,['RB'],['146'],['674'],['4.6'],['39'],['3']
Carson Steele,UCLA,['RB'],['124'],['674'],['5.4'],['42'],['6']
Thomas Castellanos,BC,['QB'],['125'],['673'],['5.4'],['45'],['9']
Nate Noel,APP,['RB'],['127'],['660'],['5.2'],['68'],['4']
Corey Kiner,CIN,['RB'],['119'],['642'],['5.4'],['68'],['2']
Malik Jackson,JVST,['RB'],['113'],['615'],['5.4'],['48'],['4']
Kaidon Salter,LIB,['QB'],['98'],['614'],['6.3'],['43'],['7']
Logan Diggs,LSU,['RB'],['105'],['611'],['5.8'],['35'],['6']
Ayo Adeyi,UNT,['RB'],['81'],['611'],['7.5'],['47'],['4']
Nathan Carter,MSU,['RB'],['141'],['609'],['4.3'],['44'],['4']
Blake Corum,MICH,['RB'],['111'],['605'],['5.4'],['54'],['13']
Diego Pavia,NMSU,['QB'],['102'],['592'],['5.8'],['44'],['5']
Jalen White,GASO,['RB'],['106'],['591'],['5.6'],['45'],['6']
Darius Taylor,MINN,['RB'],['103'],['591'],['5.7'],['43'],['4']
Nay'Quan Wright,USF,['RB'],['116'],['590'],['5.1'],['47'],['5']
Jacory Croskey-Merritt,UNM,['RB'],['101'],['589'],['5.8'],['55'],['12']
Jacob Kibodi,UL,['RB'],['87'],['585'],['6.7'],['69'],['6']
Rashad Amos,M-OH,['RB'],['119'],['584'],['4.9'],['66'],['5']
Demond Claiborne,WAKE,['RB'],['129'],['574'],['4.4'],['42'],['5']
CJ Donaldson Jr.,WVU,['RB'],['133'],['574'],['4.3'],['32'],['7']
Byrum Brown,USF,['QB'],['130'],['573'],['4.4'],['60'],['8']
Jase McClellan,ALA,['RB'],['122'],['569'],['4.7'],['29'],['4']
Jordan Waters,DUKE,['RB'],['101'],['564'],['5.6'],['83'],['10']
Harrison Waylee,WYO,['RB'],['85'],['558'],['6.6'],['75'],['3']
Daijun Edwards,UGA,['RB'],['95'],['556'],['5.9'],['62'],['8']
LeQuint Allen,SYR,['RB'],['120'],['553'],['4.6'],['35'],['7']
Jamal Haynes,GT,['RB'],['98'],['545'],['5.6'],['67'],['5']
Trey Benson,FSU,['RB'],['85'],['544'],['6.4'],['85'],['7']
Larry McCammon,FAU,['RB'],['111'],['539'],['4.9'],['40'],['5']
Cameron Skattebo,ASU,['RB'],['115'],['534'],['4.6'],['66'],['7']
Zac Larrier,AFA,['QB'],['111'],['533'],['4.8'],['41'],['5']
Torrance Burgess Jr.,UTEP,['RB'],['108'],['529'],['4.9'],['40'],['2']
Alex Tecza,NAVY,['FB'],['74'],['527'],['7.1'],['75'],['4']
Kadarius Calloway,ODU,['RB'],['58'],['523'],['9.0'],['75'],['4']
Jayden Daniels,LSU,['QB'],['91'],['521'],['5.7'],['55'],['5']
Montrell Johnson Jr.,FLA,['RB'],['94'],['520'],['5.5'],['48'],['4']
Devin Mockobee,PUR,['RB'],['112'],['520'],['4.6'],['21'],['4']
Will Shipley,CLEM,['RB'],['112'],['515'],['4.6'],['21'],['3']
Jordan James,ORE,['RB'],['63'],['501'],['8.0'],['37'],['8']
Jo'Quavious Marks,MSST,['RB'],['97'],['500'],['5.2'],['52'],['4']
Quali Conley,SJSU,['RB'],['80'],['499'],['6.2'],['68'],['7']
Kye Robichaux,BC,['RB'],['99'],['495'],['5.0'],['57'],['6']
Lorenzo Lingard,AKR,['RB'],['100'],['494'],['4.9'],['71'],['3']
Johnny Richardson,UCF,['RB'],['68'],['493'],['7.3'],['79'],['1']
Shomari Lawrence,FIU,['RB'],['100'],['491'],['4.9'],['67'],['4']
Dequan Finn,TOL,['QB'],['89'],['489'],['5.5'],['56'],['5']
Davon Booth,USU,['RB'],['84'],['489'],['5.8'],['48'],['4']
Daniel Hishaw Jr.,KU,['RB'],['80'],['488'],['6.1'],['29'],['8']
Malik Sherrod,FRES,['RB'],['88'],['488'],['5.5'],['72'],['5']
Jonah Coleman,ARIZ,['RB'],['76'],['488'],['6.4'],['59'],['3']
Ja'Quinden Jackson,UTAH,['RB'],['99'],['487'],['4.9'],['44'],['1']
Sieh Bangura,OHIO,['RB'],['117'],['486'],['4.2'],['22'],['4']
Kaelon Black,JMU,['RB'],['110'],['486'],['4.4'],['57'],['1']
Jalon Jones,CLT,['QB'],['103'],['485'],['4.7'],['58'],['4']
Kaytron Allen,PSU,['RB'],['105'],['482'],['4.6'],['18'],['3']
Jaquez Moore,DUKE,['RB'],['86'],['481'],['5.6'],['42'],['4']
Bhayshul Tuten,VT,['RB'],['110'],['478'],['4.3'],['49'],['4']
Kevorian Barnes,UTSA,['RB'],['111'],['477'],['4.3'],['44'],['4']
Zeon Chriss,UL,['QB'],['67'],['476'],['7.1'],['80'],['5']
Tyre Shelton,LT,['RB'],['68'],['475'],['7.0'],['56'],['5']
Leshon Williams,IOWA,['RB'],['86'],['472'],['5.5'],['82'],['1']
Bryson Daily,ARMY,['QB'],['111'],['470'],['4.2'],['23'],['4']
Ron Cook Jr.,BUFF,['RB'],['107'],['469'],['4.4'],['36'],['5']
Mario Anderson,SC,['RB'],['92'],['468'],['5.1'],['75'],['2']
TJ Harden,UCLA,['RB'],['88'],['466'],['5.3'],['62'],['5']
Haynes King,GT,['QB'],['69'],['462'],['6.7'],['71'],['3']
Marion Lukes,CMU,['RB'],['93'],['462'],['5.0'],['46'],['3']
Zion Webb,JVST,['QB'],['82'],['460'],['5.6'],['61'],['4']
Nicholas Singleton,PSU,['RB'],['113'],['460'],['4.1'],['20'],['7']
Monte Watkins,NMSU,['RB'],['41'],['459'],['11.2'],['80'],['2']
Treshaun Ward,KSU,['RB'],['87'],['458'],['5.3'],['20'],['3']
TreVeyon Henderson,OSU,['RB'],['68'],['457'],['6.7'],['61'],['6']
Jaylan Knighton,SMU,['RB'],['83'],['456'],['5.5'],['95'],['4']
Vincent Davis Jr.,UNLV,['RB'],['81'],['456'],['5.6'],['69'],['2']
Henry Parrish Jr.,MIA,['RB'],['74'],['454'],['6.1'],['37'],['4']
Jarquez Hunter,AUB,['RB'],['89'],['453'],['5.1'],['53'],['5']
Trevor Etienne,FLA,['RB'],['76'],['449'],['5.9'],['62'],['3']
Darren Grainger,GAST,['QB'],['90'],['448'],['5.0'],['65'],['5']
Justice Ellison,WAKE,['RB'],['93'],['447'],['4.8'],['51'],['0']
Anthony Watkins,TLSA,['RB'],['119'],['446'],['3.7'],['27'],['2']
Heinrich Haarberg,NEB,['QB'],['104'],['446'],['4.3'],['72'],['4']
Emory Jones,CIN,['QB'],['112'],['441'],['3.9'],['20'],['3']
Roman Hemby,MD,['RB'],['88'],['441'],['5.0'],['40'],['4']
Phil Mafah,CLEM,['RB'],['73'],['439'],['6.0'],['49'],['6']
LJ Martin,BYU,['RB'],['96'],['438'],['4.6'],['55'],['4']
Keshawn Wicks,ODU,['RB'],['80'],['436'],['5.4'],['36'],['4']
Kiael Kelly,BALL,['QB'],['85'],['434'],['5.1'],['44'],['4']
Dillon Johnson,WASH,['RB'],['87'],['430'],['4.9'],['45'],['6']
Samson Evans,EMU,['RB'],['101'],['425'],['4.2'],['61'],['8']
Brendon Lewis,NEV,['QB'],['95'],['415'],['4.4'],['31'],['3']
Jabari Small,TENN,['RB'],['82'],['415'],['5.1'],['40'],['2']
Ja'Quez Cross,ARST,['RB'],['70'],['412'],['5.9'],['66'],['3']
Jermaine Brown Jr.,UAB,['RB'],['83'],['410'],['4.9'],['40'],['9']
Star Thomas,NMSU,['RB'],['77'],['409'],['5.3'],['40'],['4']
John Lee Eldridge III,AFA,['RB'],['49'],['408'],['8.3'],['65'],['5']
Gavin Garcia,KENT,['RB'],['104'],['407'],['3.9'],['42'],['2']
Victor Rosa,CONN,['RB'],['78'],['405'],['5.2'],['71'],['2']
Garrett Greene,WVU,['QB'],['72'],['404'],['5.6'],['35'],['8']
Jalen Mayden,SDSU,['QB'],['87'],['400'],['4.6'],['56'],['3']
Kyron Drones,VT,['QB'],['99'],['400'],['4.0'],['40'],['4']
Deshaun Fenwick,ORST,['RB'],['71'],['397'],['5.6'],['38'],['4']
Le'Veon Moss,TA&M,['RB'],['77'],['387'],['5.0'],['36'],['3']
Tawee Walker,OU,['RB'],['76'],['385'],['5.1'],['30'],['5']
Isaiah Woullard,ULM,['RB'],['79'],['384'],['4.9'],['44'],['1']
Kanye Roberts,APP,['RB'],['69'],['384'],['5.6'],['61'],['3']
Hunter Smith,ULM,['RB'],['62'],['382'],['6.2'],['62'],['3']
Jaylon Jackson,EMU,['RB'],['81'],['382'],['4.7'],['55'],['1']
Kentrel Bullock,USA,['RB'],['76'],['380'],['5.0'],['34'],['3']
Donavyn Lester,UNLV,['RB'],['74'],['377'],['5.1'],['66'],['7']
Dylan Sampson,TENN,['RB'],['66'],['376'],['5.7'],['44'],['7']
Robert Henry,UTSA,['RB'],['57'],['376'],['6.6'],['43'],['6']
Zahir Abdus-Salaam,WMU,['RB'],['101'],['375'],['3.7'],['19'],['5']
Donald Chaney Jr.,MIA,['RB'],['73'],['375'],['5.1'],['26'],['2']
Rahsul Faison,USU,['RB'],['52'],['370'],['7.1'],['60'],['3']
Ulysses Bentley IV,MISS,['RB'],['61'],['369'],['6.0'],['43'],['3']
Rodrigues Clark,USM,['RB'],['55'],['369'],['6.7'],['59'],['2']
Jaiden Credle,MTSU,['RB'],['71'],['366'],['5.2'],['71'],['2']
Isaiah Ifanse,CAL,['RB'],['70'],['365'],['5.2'],['26'],['7']
Kanye Udoh,ARMY,['RB'],['68'],['364'],['5.4'],['23'],['1']
Gavin Wimsatt,RUTG,['QB'],['73'],['362'],['5.0'],['80'],['7']
Camryn Edwards,CONN,['RB'],['71'],['362'],['5.1'],['39'],['2']
Kejon Owens,FIU,['RB'],['61'],['361'],['5.9'],['47'],['5']
Perris Jones,UVA,['RB'],['64'],['360'],['5.6'],['43'],['2']
Billy Lucas,LIB,['RB'],['66'],['360'],['5.5'],['20'],['3']
Myles Bailey,CMU,['RB'],['87'],['360'],['4.1'],['24'],['3']
Myles Montgomery,CIN,['RB'],['51'],['357'],['7.0'],['63'],['3']
Jacquez Stuart,TOL,['RB'],['72'],['356'],['4.9'],['24'],['3']
Amari Daniels,TA&M,['RB'],['66'],['355'],['5.4'],['79'],['3']
Eli Sanders,ISU,['RB'],['73'],['353'],['4.8'],['29'],['2']
Riley Leonard,DUKE,['QB'],['58'],['352'],['6.1'],['44'],['4']
O'Shaan Allison,OHIO,['RB'],['113'],['347'],['3.1'],['30'],['1']
Oscar Adaway III,UNT,['RB'],['66'],['347'],['5.3'],['67'],['3']
Zak Wallace,ARST,['RB'],['88'],['347'],['3.9'],['34'],['3']
Ty Son Lawton,JMU,['RB'],['73'],['346'],['4.7'],['28'],['4']
Cam Porter,NU,['RB'],['93'],['346'],['3.7'],['25'],['2']
Braydon Bennett,CCU,['RB'],['72'],['344'],['4.8'],['21'],['4']
Jaylen Thomas,KENT,['RB'],['94'],['341'],['3.6'],['34'],['1']
Roydell Williams,ALA,['RB'],['67'],['339'],['5.1'],['48'],['1']
Owen Burk,AFA,['RB'],['55'],['338'],['6.1'],['39'],['3']
Dean Connors,RICE,['RB'],['58'],['337'],['5.8'],['54'],['4']
Jai'Den Thomas,UNLV,['RB'],['73'],['336'],['4.6'],['46'],['8']
OJ Arnold,GASO,['RB'],['50'],['330'],['6.6'],['39'],['3']
Jase Bauer,CMU,['QB'],['90'],['329'],['3.7'],['29'],['9']
Kaden Feagin,ILL,['RB'],['67'],['329'],['4.9'],['25'],['2']
Jaxson Dart,MISS,['QB'],['85'],['326'],['3.8'],['68'],['7']
Tyrone Tracy Jr.,PUR,['RB'],['60'],['325'],['5.4'],['24'],['5']
Elijah Gilliam,FRES,['RB'],['81'],['325'],['4.0'],['24'],['4']
Dre'lyn Washington,UL,['RB'],['53'],['324'],['6.1'],['62'],['1']
Parker Jenkins,HOU,['RB'],['68'],['321'],['4.7'],['31'],['3']
Anthony Grant,NEB,['RB'],['76'],['320'],['4.2'],['34'],['3']
Mike Washington,BUFF,['RB'],['80'],['320'],['4.0'],['49'],['2']
Garrett Shrader,SYR,['QB'],['89'],['316'],['3.6'],['39'],['6']
Will Howard,KSU,['QB'],['54'],['313'],['5.8'],['70'],['6']
Marcus Major,OU,['RB'],['78'],['308'],['3.9'],['19'],['1']
Chez Mellusi,WIS,['RB'],['51'],['307'],['6.0'],['89'],['4']
C'Bo Flemister,PITT,['RB'],['76'],['306'],['4.0'],['38'],['2']
Luke Altmyer,ILL,['QB'],['83'],['301'],['3.6'],['72'],['3']
Joquez Smith,TEM,['RB'],['63'],['299'],['4.7'],['51'],['1']
Payton Thorne,AUB,['QB'],['69'],['297'],['4.3'],['61'],['2']
DJ Williams,ARIZ,['RB'],['63'],['297'],['4.7'],['17'],['2']
Jaylon Glover,UTAH,['RB'],['80'],['295'],['3.7'],['21'],['2']
Dillon Gabriel,OU,['QB'],['67'],['294'],['4.4'],['44'],['8']
Sean Dollars,NEV,['RB'],['89'],['290'],['3.3'],['33'],['3']
Vann Schield,CSU,['RB'],['67'],['289'],['4.3'],['52'],['3']
Dominic Richardson,BAY,['RB'],['70'],['288'],['4.1'],['32'],['0']
Gavin Williams,NIU,['RB'],['58'],['287'],['4.9'],['53'],['3']
Brennan Armstrong,NCSU,['QB'],['73'],['286'],['3.9'],['14'],['3']
Ajay Allen,MIA,['RB'],['58'],['282'],['4.9'],['26'],['4']
Malachi Thomas,VT,['RB'],['66'],['280'],['4.2'],['30'],['0']
Rodney Hammond Jr.,PITT,['RB'],['66'],['278'],['4.2'],['23'],['3']
Kaleb Johnson,IOWA,['RB'],['74'],['278'],['3.8'],['67'],['2']
Patrick Smith,VAN,['RB'],['66'],['277'],['4.2'],['40'],['2']
Cartevious Norton,ISU,['RB'],['71'],['276'],['3.9'],['49'],['2']
Terron Kellman,CLT,['RB'],['61'],['275'],['4.5'],['18'],['0']
Nathaniel Peat,MIZ,['RB'],['62'],['274'],['4.4'],['19'],['2']
Trey Cooley,GT,['RB'],['64'],['274'],['4.3'],['23'],['3']
Jeremiyah Love,ND,['RB'],['42'],['273'],['6.5'],['36'],['1']
Rahjai Harris,ECU,['RB'],['83'],['272'],['3.3'],['21'],['4']
Jaylen Raynor,ARST,['QB'],['69'],['271'],['3.9'],['62'],['3']
Pat Garwo III,BC,['RB'],['52'],['270'],['5.2'],['50'],['1']
Chip Trayanum,OSU,['RB'],['66'],['270'],['4.1'],['40'],['3']
Jahiem White,WVU,['RB'],['34'],['270'],['7.9'],['39'],['2']
Kobe Pace,UVA,['RB'],['80'],['266'],['3.3'],['22'],['1']
Colby McDonald,MD,['RB'],['37'],['264'],['7.1'],['35'],['2']
Taylen Green,BOIS,['QB'],['47'],['262'],['5.6'],['21'],['5']
Dylan Edwards,COLO,['RB'],['58'],['262'],['4.5'],['34'],['1']
Mike Wright,MSST,['QB'],['45'],['261'],['5.8'],['53'],['3']
Lawrance Toafili,FSU,['RB'],['36'],['260'],['7.2'],['50'],['2']
Rashod Dubinion,ARK,['RB'],['79'],['260'],['3.3'],['15'],['1']
Robert Briggs Jr.,USU,['RB'],['53'],['260'],['4.9'],['58'],['1']
Drake Maye,UNC,['QB'],['78'],['259'],['3.3'],['16'],['6']
Joe Milton III,TENN,['QB'],['57'],['258'],['4.5'],['81'],['4']
Austin Jones,USC,['RB'],['50'],['258'],['5.2'],['37'],['5']
Kenan Christon,SDSU,['RB'],['69'],['257'],['3.7'],['22'],['0']
Jaylon Armstead,SDSU,['RB'],['60'],['257'],['4.3'],['48'],['5']
Reggie Love III,ILL,['RB'],['51'],['257'],['5.0'],['61'],['1']
Logan Smothers,JVST,['QB'],['66'],['255'],['3.9'],['41'],['6']
Daba Fofana,NAVY,['FB'],['54'],['255'],['4.7'],['20'],['1']
Jordan Ford,TLSA,['RB'],['67'],['253'],['3.8'],['22'],['1']
Isaac Guerendo,LOU,['RB'],['60'],['252'],['4.2'],['25'],['3']
AJ Green,ARK,['RB'],['42'],['252'],['6.0'],['55'],['2']
Kendall Milton,UGA,['RB'],['49'],['251'],['5.1'],['37'],['4']
Sedrick Alexander,VAN,['RB'],['65'],['251'],['3.9'],['27'],['4']
Isaiah Jacobs,UAB,['RB'],['55'],['249'],['4.5'],['26'],['3']
Rocko Griffin,UTSA,['RB'],['46'],['249'],['5.4'],['69'],['2']
Michael Allen,NCSU,['RB'],['50'],['249'],['5.0'],['37'],['1']
Chandler Morris,TCU,['QB'],['45'],['249'],['5.5'],['32'],['3']
Sutton Smith,MEM,['RB'],['48'],['249'],['5.2'],['26'],['2']
LJ Johnson Jr.,SMU,['RB'],['43'],['248'],['5.8'],['67'],['1']
Damien Taylor,TROY,['RB'],['50'],['247'],['4.9'],['45'],['1']
Anthony Hankerson,COLO,['RB'],['59'],['247'],['4.2'],['20'],['1']
Jiya Wright,ULM,['QB'],['64'],['246'],['3.8'],['44'],['1']
Camar Wheaton,SMU,['RB'],['48'],['244'],['5.1'],['48'],['4']
Bill Jackson,TLSA,['RB'],['51'],['244'],['4.8'],['25'],['0']
Anwar Lewis,JVST,['RB'],['55'],['244'],['4.4'],['26'],['1']
British Brooks,UNC,['RB'],['56'],['243'],['4.3'],['29'],['2']
Sione Vaki,UTAH,['S'],['30'],['243'],['8.1'],['72'],['2']
Jaylin Lucas,IU,['RB'],['56'],['242'],['4.3'],['25'],['2']
John Gentry,SHSU,['RB'],['76'],['241'],['3.2'],['28'],['1']
Richard Reese,BAY,['RB'],['54'],['240'],['4.4'],['28'],['2']
Keith Willis Jr.,LT,['RB'],['33'],['240'],['7.3'],['68'],['3']
Dontae Smith,GT,['RB'],['35'],['239'],['6.8'],['70'],['1']
CJ Baxter,TEX,['RB'],['59'],['239'],['4.1'],['32'],['2']
Darvon Hubbard,TEM,['RB'],['51'],['236'],['4.6'],['21'],['2']
Stacy Sneed,HOU,['RB'],['44'],['236'],['5.4'],['58'],['1']
Antwain Littleton II,MD,['RB'],['58'],['234'],['4.0'],['32'],['2']
Markese Stepp,WKU,['RB'],['47'],['232'],['4.9'],['56'],['2']
Michael Pratt,TULN,['QB'],['59'],['231'],['3.9'],['26'],['4']
Kobe Lewis,FAU,['RB'],['46'],['230'],['5.0'],['58'],['1']
Isaiah Johnson,UNT,['RB'],['37'],['229'],['6.2'],['28'],['3']
Jordan Nubin,MINN,['RB'],['46'],['229'],['5.0'],['19'],['2']
Donerio Davenport,TXST,['RB'],['54'],['229'],['4.2'],['22'],['1']
Beau Pribula,PSU,['QB'],['35'],['228'],['6.5'],['31'],['3']
Christian Turner,IU,['RB'],['52'],['227'],['4.4'],['17'],['2']
Mason Garcia,ECU,['QB'],['50'],['227'],['4.5'],['57'],['2']
Aaron Bedgood,LIB,['WR'],['28'],['226'],['8.1'],['49'],['2']
Dawson Pendergrass,BAY,['RB'],['49'],['225'],['4.6'],['31'],['4']
Sean Tyler,MINN,['RB'],['57'],['224'],['3.9'],['19'],['0']
Avery Johnson,KSU,['QB'],['43'],['222'],['5.2'],['30'],['6']
DeCarlos Brooks,ASU,['RB'],['42'],['220'],['5.2'],['17'],['3']
Cam'Ron Valdez,TTU,['RB'],['32'],['219'],['6.8'],['54'],['1']
Ron Wiggins,JVST,['RB'],['37'],['217'],['5.9'],['22'],['4']
DJ Irons,AKR,['QB'],['61'],['215'],['3.5'],['47'],['2']
Casey Filkins,STAN,['RB'],['38'],['215'],['5.7'],['59'],['1']
Charvis Thornton,LT,['RB'],['49'],['213'],['4.3'],['30'],['1']
Abu Sama III,ISU,['RB'],['41'],['213'],['5.2'],['55'],['1']
Shadrick Byrd,CLT,['RB'],['60'],['211'],['3.5'],['18'],['0']
Donovan Edwards,MICH,['RB'],['66'],['211'],['3.2'],['14'],['1']
Jordan McCloud,JMU,['QB'],['55'],['210'],['3.8'],['47'],['4']
Juma Otoviano,RICE,['RB'],['56'],['209'],['3.7'],['24'],['4']
Jacqez Barksdale,BUFF,['RB'],['39'],['207'],['5.3'],['39'],['2']
Jordan Travis,FSU,['QB'],['57'],['205'],['3.6'],['20'],['6']
Hayden Reed,ARMY,['RB'],['50'],['205'],['4.1'],['27'],['2']
John Rhys Plumlee,UCF,['QB'],['36'],['204'],['5.7'],['32'],['3']
Alex Broome,BC,['RB'],['43'],['204'],['4.7'],['33'],['0']
Seth Davis,MSST,['RB'],['32'],['204'],['6.4'],['37'],['1']
Nakia Watson,WSU,['RB'],['66'],['203'],['3.1'],['17'],['4']
Collin Schlee,UCLA,['QB'],['15'],['201'],['13.4'],['57'],['3']
Ashton Stredick,CAL,['RB'],['42'],['200'],['4.8'],['41'],['2']
KJ Jefferson,ARK,['QB'],['112'],['200'],['1.8'],['25'],['1']
K'Wan Powell,USF,['RB'],['56'],['199'],['3.6'],['27'],['1']
Joey Aguilar,APP,['QB'],['48'],['199'],['4.1'],['25'],['2']
Jordan Johnson,HAW,['RB'],['34'],['198'],['5.8'],['28'],['0']
Gabe Ervin Jr.,NEB,['RB'],['38'],['196'],['5.2'],['27'],['1']
Kurtis Rourke,OHIO,['QB'],['46'],['195'],['4.2'],['25'],['2']
Emmett Johnson,NEB,['RB'],['36'],['193'],['5.4'],['28'],['1']
E.J. Smith,STAN,['RB'],['40'],['192'],['4.8'],['34'],['1']
Robby Ashford,AUB,['QB'],['42'],['188'],['4.5'],['18'],['5']
Tahj Gary,TLSA,['RB'],['33'],['187'],['5.7'],['40'],['2']
Donovan Smith,HOU,['QB'],['78'],['187'],['2.4'],['22'],['4']
Javious Bond,ECU,['RB'],['28'],['187'],['6.7'],['39'],['1']
Andrew Peasley,WYO,['QB'],['60'],['186'],['3.1'],['22'],['4']
Elijah Young,WKU,['RB'],['47'],['186'],['4.0'],['27'],['1']
Marco Lee Jr.,USA,['RB'],['40'],['186'],['4.7'],['13'],['2']
Mike Hollins,UVA,['RB'],['62'],['185'],['3.0'],['13'],['7']
Kenny Tracy,M-OH,['RB'],['35'],['184'],['5.3'],['42'],['2']
Ethan Payne,MRSH,['RB'],['46'],['183'],['4.0'],['22'],['0']
Maurice Turner,LOU,['RB'],['39'],['183'],['4.7'],['30'],['1']
Blake Horvath,NAVY,['QB'],['37'],['183'],['4.9'],['29'],['0']
Brian Battie,AUB,['RB'],['42'],['182'],['4.3'],['24'],['0']
Devin Roche,ODU,['RB'],['30'],['181'],['6.0'],['37'],['0']
Dylan McDuffie,KU,['RB'],['33'],['180'],['5.5'],['36'],['3']
Mark Fletcher Jr.,MIA,['RB'],['35'],['180'],['5.1'],['26'],['2']
Seth Henigan,MEM,['QB'],['67'],['179'],['2.7'],['24'],['3']
Courtney Reese,UNLV,['RB'],['42'],['177'],['4.2'],['32'],['3']
Malik Hornsby,TXST,['QB'],['19'],['177'],['9.3'],['31'],['4']
Michael Wiley,ARIZ,['RB'],['42'],['176'],['4.2'],['17'],['1']
Trey Sanders,TCU,['RB'],['47'],['174'],['3.7'],['18'],['5']
Chevan Cordeiro,SJSU,['QB'],['63'],['174'],['2.8'],['28'],['3']
Zach Evans,MINN,['RB'],['37'],['174'],['4.7'],['18'],['1']
Jambres Dubar,BOIS,['RB'],['36'],['174'],['4.8'],['24'],['1']
Ja'shon Benjamin,RUTG,['RB'],['43'],['174'],['4.0'],['26'],['1']
CJ Beasley,CCU,['RB'],['44'],['173'],['3.9'],['21'],['1']
Ashton Daniels,STAN,['QB'],['69'],['173'],['2.5'],['24'],['2']
Delbert Mimms III,NCSU,['RB'],['54'],['172'],['3.2'],['18'],['6']
Maquel Haywood,APP,['RB'],['44'],['172'],['3.9'],['20'],['1']
Devon Dampier,UNM,['QB'],['23'],['172'],['7.5'],['37'],['2']
Justin Lamson,STAN,['QB'],['71'],['171'],['2.4'],['15'],['3']
Tai Lavatai,NAVY,['QB'],['56'],['171'],['3.1'],['20'],['2']
Frank Peasant,MTSU,['RB'],['48'],['171'],['3.6'],['25'],['2']
Andrew Henry,UNM,['RB'],['24'],['171'],['7.1'],['33'],['1']
Sam Scott,WYO,['RB'],['35'],['170'],['4.9'],['19'],['1']
Rueben Owens,TA&M,['RB'],['55'],['170'],['3.1'],['21'],['2']
Jamoni Jones,NMSU,['RB'],['42'],['170'],['4.0'],['24'],['2']
J.J. McCarthy,MICH,['QB'],['33'],['168'],['5.1'],['22'],['3']
Tate Carney,WAKE,['RB'],['32'],['168'],['5.3'],['74'],['3']
Nicholas Vattiato,MTSU,['QB'],['88'],['167'],['1.9'],['30'],['2']
Michel Dukes,USF,['RB'],['38'],['166'],['4.4'],['23'],['2']
Cameron Ward,WSU,['QB'],['79'],['166'],['2.1'],['22'],['5']
Durell Robinson,CLT,['RB'],['40'],['166'],['4.2'],['16'],['1']
Bert Emanuel Jr.,CMU,['QB'],['42'],['165'],['3.9'],['66'],['2']
Dylan Downing,PUR,['RB'],['42'],['164'],['3.9'],['25'],['1']
Treyaun Webb,FLA,['RB'],['26'],['163'],['6.3'],['43'],['2']
Tanner Mordecai,WIS,['QB'],['51'],['161'],['3.2'],['18'],['4']
Josh Williams,LSU,['RB'],['19'],['161'],['8.5'],['41'],['2']
Keegan Shoemaker,SHSU,['QB'],['55'],['161'],['2.9'],['29'],['0']
Devontae Houston,CONN,['RB'],['34'],['161'],['4.7'],['27'],['0']
Max Balthazar,CCU,['RB'],['32'],['161'],['5.0'],['34'],['2']
Miyan Williams,OSU,['RB'],['49'],['158'],['3.2'],['12'],['3']
Ta'ron Keith,BGSU,['RB'],['29'],['157'],['5.4'],['40'],['1']
Rodney Hill,FSU,['RB'],['35'],['157'],['4.5'],['19'],['1']
Jeff Sims,NEB,['QB'],['32'],['156'],['4.9'],['57'],['1']
Braylon Braxton,TLSA,['QB'],['34'],['156'],['4.6'],['46'],['0']
Josh McCray,ILL,['RB'],['43'],['156'],['3.6'],['14'],['2']
Jaden Nixon,OKST,['RB'],['34'],['156'],['4.6'],['34'],['1']
Trent Howland,IU,['RB'],['31'],['156'],['5.0'],['17'],['0']
Jaydon Blue,TEX,['RB'],['27'],['156'],['5.8'],['34'],['1']
Dylan Carson,AFA,['RB'],['25'],['156'],['6.2'],['29'],['0']
Jared Brown,CCU,['WR'],['10'],['155'],['15.5'],['77'],['1']
Jason Bean,KU,['QB'],['31'],['153'],['4.9'],['38'],['1']
Anthony Adkins,UCLA,['RB'],['24'],['153'],['6.4'],['38'],['1']
Will Nixon,WASH,['RB'],['23'],['153'],['6.7'],['21'],['1']
Nate Johnson,UTAH,['QB'],['56'],['153'],['2.7'],['27'],['3']
Xavier Townsend,UCF,['WR'],['11'],['150'],['13.6'],['39'],['0']
Jeremiah Cobb,AUB,['RB'],['23'],['150'],['6.5'],['42'],['1']
Tyler Shough,TTU,['QB'],['48'],['149'],['3.1'],['58'],['2']
Avery Morrow,CSU,['RB'],['54'],['149'],['2.8'],['11'],['1']
Jayden Maiava,UNLV,['QB'],['36'],['149'],['4.1'],['24'],['1']
Cardell Williams,TLSA,['QB'],['50'],['149'],['3.0'],['50'],['3']
Josh Henderson,IU,['RB'],['34'],['148'],['4.4'],['20'],['2']
Kalel Mullings,MICH,['RB'],['23'],['147'],['6.4'],['23'],['1']
Noah Whittington,ORE,['RB'],['20'],['146'],['7.3'],['41'],['2']
Keldric Moody,LT,['RB'],['33'],['146'],['4.4'],['24'],['0']
Jackson Acker,WIS,['RB'],['35'],['145'],['4.1'],['14'],['0']
Davion Ervin-Poindexter,WKU,['RB'],['35'],['145'],['4.1'],['18'],['1']
James Jointer Jr.,LIB,['RB'],['25'],['143'],['5.7'],['34'],['0']
Elijah Collins,OKST,['RB'],['30'],['142'],['4.7'],['26'],['2']
Jalen Milroe,ALA,['QB'],['77'],['142'],['1.8'],['53'],['5']
Brett Gabbert,M-OH,['QB'],['49'],['140'],['2.9'],['26'],['2']
Rayshon Luke,ARIZ,['RB'],['26'],['140'],['5.4'],['40'],['1']
Damari Alston,AUB,['RB'],['30'],['140'],['4.7'],['13'],['1']
Jovantae Barnes,OU,['RB'],['33'],['139'],['4.2'],['17'],['1']
JuTahn McClain,UK,['RB'],['26'],['138'],['5.3'],['36'],['1']
Cam Fancher,MRSH,['QB'],['92'],['138'],['1.5'],['22'],['2']
Xavier Williams,KENT,['RB'],['42'],['137'],['3.3'],['18'],['1']
Mitch Griffis,WAKE,['QB'],['101'],['137'],['1.4'],['27'],['2']
Jordan Brunson,M-OH,['RB'],['12'],['137'],['11.4'],['57'],['1']
Landon Sims,HAW,['RB'],['31'],['137'],['4.4'],['22'],['1']
Brendan Sullivan,NU,['QB'],['59'],['136'],['2.3'],['35'],['2']
Ryan Montgomery,CIN,['RB'],['30'],['135'],['4.5'],['26'],['0']
Jacob Zeno,UAB,['QB'],['59'],['135'],['2.3'],['44'],['4']
Camden Orth,BGSU,['QB'],['42'],['135'],['3.2'],['18'],['2']
Jadarian Price,ND,['RB'],['26'],['135'],['5.2'],['23'],['2']
DJ Uiagalelei,ORST,['QB'],['42'],['134'],['3.2'],['26'],['5']
Brady Cook,MIZ,['QB'],['59'],['134'],['2.3'],['25'],['5']
Aidan Robbins,BYU,['RB'],['43'],['134'],['3.1'],['13'],['0']
L.T. Sanders,WKU,['RB'],['23'],['133'],['5.8'],['56'],['0']
Quincy Patterson,TEM,['QB'],['41'],['132'],['3.2'],['24'],['4']
Sherod White,UNM,['RB'],['30'],['132'],['4.4'],['12'],['1']
Reese White,CCU,['RB'],['44'],['131'],['3.0'],['14'],['1']
Terry Wilkins,MTSU,['RB'],['15'],['131'],['8.7'],['75'],['1']
Jayden de Laura,ARIZ,['QB'],['20'],['131'],['6.6'],['53'],['3']
Caleb Williams,USC,['QB'],['74'],['130'],['1.8'],['46'],['9']
Juwaun Price,SYR,['RB'],['40'],['129'],['3.2'],['22'],['0']
Jaylen Anderson,WVU,['RB'],['41'],['129'],['3.1'],['15'],['1']
Arnold Barnes III,TULN,['RB'],['20'],['129'],['6.4'],['65'],['0']
Jahmyl Jeter,TXST,['RB'],['29'],['128'],['4.4'],['22'],['4']
Kobe Johnson,CSU,['RB'],['44'],['128'],['2.9'],['13'],['1']
Bryson Barnes,UTAH,['QB'],['42'],['128'],['3.0'],['26'],['3']
Demie Sumo-Karngbaye,UK,['RB'],['14'],['127'],['9.1'],['42'],['1']
Gavin Sawchuk,OU,['RB'],['34'],['127'],['3.7'],['30'],['3']
Shaadie Clayton-Johnson,TULN,['RB'],['30'],['127'],['4.2'],['17'],['0']
Brendan Sorsby,IU,['QB'],['53'],['127'],['2.4'],['16'],['1']
Drake Anderson,AKR,['RB'],['37'],['126'],['3.4'],['15'],['1']
George Holani,BOIS,['RB'],['30'],['126'],['4.2'],['11'],['0']
Keyon Mozee,M-OH,['RB'],['28'],['126'],['4.5'],['23'],['2']
Lee Beebe,UAB,['RB'],['28'],['125'],['4.5'],['25'],['1']
Chandler Rogers,UNT,['QB'],['64'],['124'],['1.9'],['75'],['3']
Dillon Bell,UGA,['WR'],['23'],['124'],['5.4'],['21'],['2']
Quinten Joyner,USC,['RB'],['16'],['124'],['7.8'],['47'],['1']
Mike Franklin,UTEP,['RB'],['30'],['124'],['4.1'],['9'],['2']
Bryce Williams,MINN,['RB'],['36'],['123'],['3.4'],['8'],['1']
Greg Desrosiers Jr.,MASS,['RB'],['21'],['123'],['5.9'],['60'],['1']
Brandon Chatman,NAVY,['RB'],['29'],['123'],['4.2'],['20'],['0']
Tommy Ulatowski,KENT,['QB'],['35'],['123'],['3.5'],['39'],['1']
Aiden Calvert,AFA,['RB'],['13'],['123'],['9.5'],['22'],['0']
Dorian Lewis,UNM,['RB'],['24'],['123'],['5.1'],['23'],['0']
Dylan Paine,WSU,['RB'],['20'],['121'],['6.1'],['52'],['1']
Kendrick Raphael,NCSU,['RB'],['27'],['121'],['4.5'],['21'],['0']
Preston Stone,SMU,['QB'],['40'],['118'],['3.0'],['21'],['2']
Cash Jones,UGA,['RB'],['15'],['117'],['7.8'],['57'],['1']
Tony Mathis Jr.,HOU,['RB'],['25'],['116'],['4.6'],['23'],['0']
Kenyon Clay,USM,['RB'],['25'],['116'],['4.6'],['15'],['0']
Zylan Perry,UL,['RB'],['36'],['116'],['3.2'],['17'],['1']
Willie Shaw III,TOL,['RB'],['28'],['115'],['4.1'],['14'],['0']
Jeffery Pittman,MSST,['RB'],['28'],['114'],['4.1'],['22'],['0']
Bo Nix,ORE,['QB'],['32'],['113'],['3.5'],['16'],['3']
Sedrick Irvin,STAN,['RB'],['24'],['113'],['4.7'],['45'],['1']
Dakereon Joyner,SC,['RB'],['46'],['112'],['2.4'],['16'],['5']
Anthony Tyus III,NU,['RB'],['22'],['112'],['5.1'],['39'],['0']
Jamaal Bell,NEV,['WR'],['20'],['110'],['5.5'],['31'],['1']
Trey Potts,PSU,['RB'],['20'],['107'],['5.3'],['20'],['2']
Parker Navarro,OHIO,['QB'],['10'],['107'],['10.7'],['52'],['0']
Cam Davis,SDSU,['RB'],['30'],['107'],['3.6'],['25'],['0']
Kaleb Jackson,LSU,['RB'],['20'],['107'],['5.3'],['21'],['2']
Dylan Hopkins,UNM,['QB'],['39'],['106'],['2.7'],['48'],['1']
D.Q. James,WYO,['RB'],['35'],['106'],['3.0'],['15'],['0']
Jacob Fields,LT,['DB'],['23'],['106'],['4.6'],['30'],['2']
Jaziun Patterson,IOWA,['RB'],['24'],['106'],['4.4'],['59'],['1']
Damarius Good,TXST,['RB'],['11'],['105'],['9.5'],['24'],['0']
Gi'Bran Payne,ND,['RB'],['30'],['105'],['3.5'],['12'],['1']
Velton Gardner,SMU,['RB'],['27'],['104'],['3.9'],['23'],['1']
Caziah Holmes,FSU,['RB'],['13'],['104'],['8.0'],['40'],['1']
Daniel Carter,PITT,['RB'],['23'],['104'],['4.5'],['22'],['2']
Tybo Rogers,WASH,['RB'],['27'],['103'],['3.8'],['15'],['0']
Timmy McClain,UCF,['QB'],['39'],['102'],['2.6'],['22'],['1']
Tyrell Robinson,ARMY,['RB'],['25'],['102'],['4.1'],['25'],['1']
Ashton Hayes,NEV,['RB'],['30'],['102'],['3.4'],['35'],['0']
Isaac Jernagin,SJSU,['WR'],['10'],['101'],['10.1'],['45'],['0']
Eli Heidenreich,NAVY,['RB'],['12'],['101'],['8.4'],['46'],['1']
Jamari Ferrell,WYO,['RB'],['27'],['100'],['3.7'],['17'],['1']
Frank Harris,UTSA,['QB'],['47'],['99'],['2.1'],['24'],['1']
John Emery Jr.,LSU,['RB'],['20'],['99'],['4.9'],['17'],['1']
Samuel Brown V,RUTG,['RB'],['30'],['99'],['3.3'],['11'],['2']
Ike Daniels,SYR,['RB'],['17'],['99'],['5.8'],['22'],['0']
Joshua Fleeks,NEB,['WR'],['8'],['98'],['12.3'],['74'],['1']
Calvin Hill,TXST,['RB'],['31'],['98'],['3.2'],['13'],['0']
Fernando Mendoza,CAL,['QB'],['20'],['98'],['4.9'],['16'],['2']
Xavier Johnson,OSU,['WR'],['16'],['97'],['6.1'],['15'],['0']
Ethan Garbers,UCLA,['QB'],['20'],['97'],['4.8'],['18'],['0']
Aaron Turner,CIN,['WR'],['11'],['97'],['8.8'],['26'],['0']
Jayden McGowan,VAN,['WR'],['14'],['97'],['6.9'],['18'],['0']
Martin Blake,SDSU,['RB'],['26'],['97'],['3.7'],['12'],['1']
Edward Saydee,TEM,['RB'],['37'],['96'],['2.6'],['8'],['0']
Jordan Houston,NCSU,['RB'],['25'],['96'],['3.8'],['15'],['0']
Jordan Younge-Humphrey,UNLV,['RB'],['12'],['96'],['8.0'],['32'],['1']
Rico Barfield,BALL,['RB'],['25'],['96'],['3.8'],['24'],['1']
Austin Smith,EMU,['QB'],['80'],['96'],['1.2'],['41'],['1']
Justin Lynch,NIU,['RB'],['11'],['96'],['8.7'],['30'],['1']
Sean Jackson,AUB,['RB'],['6'],['95'],['15.8'],['45'],['1']
CJ Hester,WMU,['RB'],['22'],['95'],['4.3'],['29'],['2']
Noah Cain,LSU,['RB'],['22'],['93'],['4.2'],['15'],['3']
Jalen Berger,MSU,['RB'],['25'],['93'],['3.7'],['12'],['1']
Tylan Hines,HAW,['RB'],['27'],['93'],['3.4'],['18'],['0']
Kamari Moulton,IOWA,['RB'],['23'],['93'],['4.0'],['18'],['2']
Latrele Palmer,JMU,['RB'],['25'],['92'],['3.7'],['13'],['1']
Brashard Smith,MIA,['WR'],['6'],['92'],['15.3'],['80'],['0']
Austin Reed,WKU,['QB'],['29'],['91'],['3.1'],['26'],['3']
Jakobi Buchanan,ARMY,['RB'],['32'],['91'],['2.8'],['10'],['3']
Raheim Sanders,ARK,['RB'],['34'],['91'],['2.7'],['14'],['2']
Tahj Bullock,AKR,['QB'],['38'],['91'],['2.4'],['27'],['2']
Trey Holly,LSU,['RB'],['6'],['91'],['15.2'],['67'],['1']
Bennett Galloway,ULM,['RB'],['15'],['91'],['6.1'],['24'],['0']
Jaivian Thomas,CAL,['RB'],['15'],['91'],['6.1'],['27'],['1']
Justin Johnson Jr.,WVU,['RB'],['23'],['90'],['3.9'],['30'],['1']
Kevin Concepcion,NCSU,['WR'],['7'],['90'],['12.9'],['50'],['0']
Eli Stowers,NMSU,['QB'],['15'],['89'],['5.9'],['26'],['1']
Silas Bolden,ORST,['WR'],['7'],['89'],['12.7'],['45'],['2']
Cade Klubnik,CLEM,['QB'],['78'],['89'],['1.1'],['17'],['3']
Ay'Jaun Marshall,ARMY,['WR'],['6'],['89'],['14.8'],['36'],['0']
Roderick Robinson II,UGA,['RB'],['15'],['89'],['5.9'],['23'],['2']
Harrison Barker,UAB,['QB'],['15'],['87'],['5.8'],['12'],['0']
Alex Flinn,ECU,['QB'],['61'],['86'],['1.4'],['18'],['0']
Anthony Simpson,MASS,['WR'],['10'],['85'],['8.5'],['17'],['1']
Jekail Middlebrook,MTSU,['RB'],['18'],['85'],['4.7'],['25'],['2']
A.J. Henning,NU,['WR'],['18'],['84'],['4.7'],['17'],['1']
Taulia Tagovailoa,MD,['QB'],['45'],['84'],['1.9'],['23'],['4']
Colson Yankoff,UCLA,['RB'],['13'],['83'],['6.4'],['25'],['1']
Ethan Vasko,CCU,['QB'],['9'],['82'],['9.1'],['41'],['0']
Henry Rutledge,CLT,['RB'],['9'],['81'],['9.0'],['20'],['0']
Noah Smith,SHSU,['WR'],['20'],['80'],['4.0'],['25'],['2']
Larry Robinson,ARMY,['QB'],['6'],['80'],['13.3'],['23'],['1']
Aaron Young,RUTG,['RB'],['12'],['79'],['6.6'],['16'],['1']
Jaison Patterson,BGSU,['RB'],['24'],['79'],['3.3'],['20'],['0']
Nicco Marchiol,WVU,['QB'],['29'],['78'],['2.7'],['19'],['1']
Michael Johnson Jr.,FAU,['QB'],['14'],['77'],['5.5'],['19'],['4']
Miles Davis,BYU,['RB'],['15'],['77'],['5.1'],['13'],['0']
Rocco Becht,ISU,['QB'],['36'],['77'],['2.1'],['14'],['2']
Keegan Jones,UCLA,['WR'],['6'],['76'],['12.7'],['22'],['2']
Cole Snyder,BUFF,['QB'],['55'],['76'],['1.4'],['22'],['1']
Dallan Hayden,OSU,['RB'],['11'],['76'],['6.9'],['19'],['1']
Jacques Badolato-Birdsell,NEV,['RB'],['29'],['76'],['2.6'],['15'],['1']
Vaughn Blue,LIB,['RB'],['12'],['76'],['6.3'],['21'],['0']
Athan Kaliakmanis,MINN,['QB'],['50'],['75'],['1.5'],['19'],['2']
Jensen Jones,AFA,['QB'],['13'],['75'],['5.8'],['14'],['2']
Jayden Limar,ORE,['RB'],['16'],['75'],['4.7'],['17'],['1']
Zane Minors,SMU,['RB'],['17'],['75'],['4.4'],['10'],['0']
John Mateer,WSU,['QB'],['14'],['75'],['5.4'],['15'],['2']
Spencer Rattler,SC,['QB'],['69'],['74'],['1.1'],['28'],['2']
Cooper Legas,USU,['QB'],['47'],['74'],['1.6'],['11'],['0']
Jalon Daniels,KU,['QB'],['27'],['74'],['2.7'],['17'],['0']
Nasjzae Bryant-Lelei,HAW,['RB'],['20'],['74'],['3.7'],['17'],['0']
CJ Ogbonna,BUFF,['QB'],['17'],['74'],['4.4'],['10'],['1']
Domonique Thomas,CLEM,['RB'],['11'],['74'],['6.7'],['19'],['1']
Ben Wooldridge,UL,['QB'],['17'],['73'],['4.3'],['24'],['2']
Chris Johnson Jr.,MIA,['RB'],['11'],['73'],['6.6'],['24'],['1']
Asa Martin,TROY,['RB'],['18'],['72'],['4.0'],['16'],['0']
Terrence Williams,UL,['RB'],['23'],['72'],['3.1'],['11'],['1']
Chase Jenkins,RICE,['QB'],['7'],['72'],['10.3'],['28'],['1']
Ja'Vin Simpkins,CCU,['RB'],['10'],['72'],['7.2'],['22'],['1']
Sy'veon Wilkerson,COLO,['RB'],['22'],['71'],['3.2'],['10'],['1']
Aveon Smith,M-OH,['QB'],['23'],['71'],['3.1'],['48'],['1']
Lucky Sutton,SDSU,['RB'],['19'],['71'],['3.7'],['13'],['2']
Peyton Jones,DUKE,['RB'],['20'],['71'],['3.5'],['15'],['1']
Obie Sanni,ODU,['RB'],['21'],['70'],['3.3'],['11'],['0']
Tank Smith,PSU,['RB'],['8'],['70'],['8.8'],['39'],['0']
Stone Earle,UNT,['QB'],['16'],['70'],['4.4'],['34'],['0']
Barion Brown,UK,['WR'],['6'],['70'],['11.7'],['26'],['0']
Benjamin Hall,MICH,['RB'],['15'],['69'],['4.6'],['19'],['0']
Nate Milanowski,M-OH,['RB'],['11'],['69'],['6.3'],['23'],['1']
Braxton Woodson,NAVY,['QB'],['35'],['69'],['2.0'],['22'],['0']
Kevin Davis,M-OH,['RB'],['16'],['68'],['4.3'],['12'],['1']
Hunter Herring,ULM,['QB'],['13'],['68'],['5.2'],['18'],['0']
Ari Broussard,RICE,['RB'],['20'],['67'],['3.3'],['16'],['0']
Brandon Buckhaulter,UAB,['WR'],['5'],['67'],['13.4'],['35'],['0']
Jarris Williams,TROY,['RB'],['13'],['67'],['5.2'],['25'],['1']
Tyler Lavine,SMU,['RB'],['19'],['67'],['3.5'],['13'],['2']
Chase Gillespie,VAN,['RB'],['19'],['66'],['3.5'],['10'],['0']
Gio Lopez,USA,['QB'],['11'],['66'],['6.0'],['20'],['1']
Rahmir Johnson,NEB,['RB'],['12'],['65'],['5.4'],['44'],['0']
Treyson Bourguet,WMU,['QB'],['36'],['65'],['1.8'],['29'],['0']
Joseph Himon II,NU,['RB'],['22'],['65'],['3.0'],['12'],['0']
Maddux Madsen,BOIS,['QB'],['21'],['65'],['3.1'],['21'],['1']
Keyjuan Brown,LOU,['RB'],['11'],['65'],['5.9'],['14'],['1']
Sam Leavitt,MSU,['QB'],['11'],['65'],['5.9'],['22'],['0']
Nehemiah Martinez I,TTU,['WR'],['12'],['64'],['5.3'],['11'],['0']
Jack Lausch,NU,['QB'],['13'],['64'],['4.9'],['46'],['1']
Walter Taylor,VAN,['QB'],['22'],['64'],['2.9'],['18'],['1']
Conner Weigman,TA&M,['QB'],['12'],['63'],['5.3'],['19'],['2']
Bryce Duke,VT,['RB'],['7'],['63'],['9.0'],['31'],['0']
Reggion Bennett,JVST,['RB'],['25'],['63'],['2.5'],['13'],['0']
Keshawn King,WMU,['RB'],['14'],['62'],['4.4'],['17'],['1']
Demarkcus Bowman,UCF,['RB'],['10'],['62'],['6.2'],['12'],['1']
Zuberi Mobley,FAU,['RB'],['22'],['62'],['2.8'],['11'],['0']
Justice Haynes,ALA,['RB'],['10'],['62'],['6.2'],['16'],['0']
Matt Jones,MISS,['RB'],['9'],['62'],['6.9'],['36'],['2']
Markel Johnson,ARMY,['RB'],['20'],['62'],['3.1'],['11'],['0']
Jaylen Jenkins,WSU,['RB'],['20'],['62'],['3.1'],['17'],['0']
Trayvon Rudolph,NIU,['WR'],['13'],['61'],['4.7'],['36'],['0']
Drew Allar,PSU,['QB'],['49'],['61'],['1.2'],['13'],['3']
Creed Whittemore,MSST,['WR'],['3'],['61'],['20.3'],['53'],['1']
Jake Strong,TTU,['QB'],['6'],['61'],['10.2'],['54'],['0']
Dante Dowdell,ORE,['RB'],['12'],['61'],['5.1'],['13'],['1']
Jack Turner,LT,['QB'],['29'],['61'],['2.1'],['12'],['2']
Keyvone Lee,MSST,['RB'],['8'],['60'],['7.5'],['33'],['0']
Carson Beck,UGA,['QB'],['33'],['60'],['1.8'],['14'],['3']
Jalil Farooq,OU,['WR'],['14'],['60'],['4.3'],['11'],['0']
Kamarro Edmonds,ECU,['RB'],['12'],['60'],['5.0'],['17'],['2']
Tony Muskett,UVA,['QB'],['60'],['60'],['1.0'],['20'],['1']
Rodney Gallagher,WVU,['WR'],['10'],['60'],['6.0'],['15'],['0']
Andrew Paul,UGA,['RB'],['14'],['60'],['4.3'],['13'],['0']
Phil Jurkovec,PITT,['QB'],['38'],['59'],['1.6'],['23'],['1']
Alton McCaskill,COLO,['RB'],['14'],['59'],['4.2'],['9'],['0']
Charlie Spegal,BALL,['RB'],['11'],['59'],['5.4'],['14'],['1']
Marlon Gunn Jr.,ECU,['RB'],['23'],['59'],['2.6'],['13'],['0']
Aidan Laughery,ILL,['RB'],['13'],['59'],['4.5'],['19'],['1']
Sam Jackson V,CAL,['QB'],['26'],['59'],['2.3'],['27'],['1']
Gage Larvadain,M-OH,['WR'],['5'],['59'],['11.8'],['46'],['0']
Logan Fife,FRES,['QB'],['15'],['58'],['3.9'],['16'],['0']
Deion Smith,BYU,['RB'],['20'],['57'],['2.8'],['18'],['1']
Ta'Quan Roberson,CONN,['QB'],['30'],['57'],['1.9'],['24'],['2']
Jaylen Coleman,DUKE,['RB'],['10'],['57'],['5.7'],['15'],['0']
Trenton Bourguet,ASU,['QB'],['23'],['57'],['2.5'],['17'],['2']
PaSean Wimberly,BGSU,['RB'],['18'],['57'],['3.2'],['12'],['0']
Gerald Green,ECU,['RB'],['4'],['56'],['14.0'],['46'],['0']
Nick Mosley,BGSU,['RB'],['8'],['56'],['7.0'],['23'],['0']
Jordan McDonald,UCF,['RB'],['18'],['56'],['3.1'],['10'],['3']
Miles Stewart,ARMY,['RB'],['14'],['56'],['4.0'],['10'],['0']
Cedric Hawkins,ARST,['RB'],['11'],['56'],['5.1'],['28'],['0']
Shedro Louis,TULN,['RB'],['19'],['55'],['2.9'],['8'],['0']
Larenzo McMillan,NMSU,['RB'],['4'],['55'],['13.8'],['30'],['0']
Jam Miller,ALA,['RB'],['13'],['55'],['4.2'],['19'],['0']
CJ Harris,OHIO,['QB'],['12'],['55'],['4.6'],['23'],['0']
Kyson Brown,ASU,['RB'],['13'],['55'],['4.2'],['15'],['0']
Lideatrick Griffin,MSST,['WR'],['13'],['54'],['4.2'],['17'],['1']
Jackson Arnold,OU,['QB'],['12'],['54'],['4.5'],['11'],['1']
Ahmad Haston,MASS,['QB'],['16'],['54'],['3.4'],['7'],['0']
Benjamin Yurosek,STAN,['TE'],['11'],['53'],['4.8'],['10'],['0']
Brandon Thomas,MEM,['RB'],['17'],['53'],['3.1'],['9'],['5']
EJ Wilson Jr.,TEM,['RB'],['10'],['53'],['5.3'],['20'],['0']
Noah Kim,MSU,['QB'],['27'],['53'],['2.0'],['14'],['0']
Djouvensky Schlenbaker,WSU,['RB'],['6'],['53'],['8.8'],['20'],['0']
Jack Shields,ODU,['QB'],['22'],['53'],['2.4'],['66'],['1']
Quinn Ewers,TEX,['QB'],['39'],['53'],['1.4'],['30'],['5']
Ryan Butler,STAN,['RB'],['15'],['53'],['3.5'],['17'],['0']
Ahmani Marshall,APP,['RB'],['14'],['52'],['3.7'],['11'],['2']
Sam Hicks,CMU,['RB'],['10'],['52'],['5.2'],['16'],['1']
Jha'Quan Jackson,TULN,['WR'],['4'],['51'],['12.8'],['24'],['0']
Elijah Davis,UL,['RB'],['13'],['51'],['3.9'],['11'],['1']
Dominique Johnson,ARK,['RB'],['20'],['50'],['2.5'],['13'],['0']
TJ Finley,TXST,['QB'],['43'],['50'],['1.2'],['24'],['3']
J'Wan Evans,JVST,['RB'],['17'],['50'],['2.9'],['12'],['4']
Brock Lampe,NIU,['FB'],['12'],['50'],['4.2'],['11'],['1']
Seth Anderson,IOWA,['WR'],['3'],['50'],['16.7'],['30'],['0']
Keyvon Walker,FAU,['RB'],['11'],['50'],['4.5'],['20'],['0']
Keyone Jenkins,FIU,['QB'],['87'],['50'],['0.6'],['23'],['5']
Ty Thompson,ORE,['QB'],['6'],['49'],['8.2'],['13'],['0']
Zachariah Branch,USC,['WR'],['6'],['49'],['8.2'],['17'],['1']
Anthony Colandrea,UVA,['QB'],['33'],['49'],['1.5'],['16'],['0']
Carson Hansen,ISU,['RB'],['14'],['49'],['3.5'],['12'],['0']
Grayson McCall,CCU,['QB'],['53'],['48'],['0.9'],['12'],['1']
Hudson Card,PUR,['QB'],['68'],['48'],['0.7'],['14'],['3']
Isaiah Newell,ORST,['RB'],['12'],['48'],['4.0'],['11'],['0']
Jamal Johnson,BGSU,['RB'],['7'],['48'],['6.9'],['32'],['0']
Vaughn Pemberton,BALL,['RB'],['11'],['48'],['4.4'],['15'],['0']
Makhilyn Young,NMSU,['RB'],['9'],['48'],['5.3'],['31'],['1']
Eugene Wilson III,FLA,['WR'],['4'],['48'],['12.0'],['18'],['0']
David Mbadinga,GASO,['RB'],['15'],['48'],['3.2'],['12'],['1']
Bryce Farrell,STAN,['WR'],['17'],['47'],['2.8'],['12'],['3']
Hayden Wolff,WMU,['QB'],['23'],['47'],['2.0'],['20'],['2']
Thad Franklin Jr.,ULM,['RB'],['12'],['47'],['3.9'],['23'],['1']
Savion Red,TEX,['RB'],['14'],['47'],['3.4'],['8'],['1']
Adrian Murdaugh,SHSU,['WR'],['11'],['47'],['4.3'],['16'],['0']
Solo Vaipulu,HAW,['OL'],['7'],['46'],['6.6'],['14'],['0']
Jarrett Guest,CCU,['QB'],['7'],['46'],['6.6'],['33'],['1']
Jack Salopek,WMU,['QB'],['17'],['46'],['2.7'],['14'],['0']
Ahmari Huggins-Bruce,LOU,['WR'],['5'],['46'],['9.2'],['19'],['1']
Brandon Campbell,HOU,['RB'],['18'],['46'],['2.6'],['11'],['0']
Micah Bernard,UTAH,['RB'],['7'],['45'],['6.4'],['13'],['0']
Elijhah Badger,ASU,['WR'],['8'],['45'],['5.6'],['17'],['1']
Brock Vandagriff,UGA,['QB'],['3'],['45'],['15.0'],['18'],['0']
Bryson Washington,BAY,['RB'],['10'],['45'],['4.5'],['11'],['0']
Aidan Chiles,ORST,['QB'],['10'],['45'],['4.5'],['19'],['1']
Devon Rivers,FRES,['RB'],['12'],['44'],['3.7'],['14'],['0']
Rocky Lombardi,NIU,['QB'],['47'],['43'],['0.9'],['33'],['3']
Taisun Phommachanh,MASS,['QB'],['42'],['43'],['1.0'],['31'],['2']
Caleb Hood,UNC,['RB'],['15'],['43'],['2.9'],['13'],['1']
Ke'Travion Hargrove,MEM,['RB'],['11'],['43'],['3.9'],['17'],['1']
Kevin Hurley,UTEP,['QB'],['15'],['43'],['2.9'],['18'],['2']
Zach Hrbacek,SHSU,['RB'],['19'],['43'],['2.3'],['9'],['0']
Kenny Johnson,PITT,['WR'],['7'],['43'],['6.1'],['9'],['0']
Travis Bates,DUKE,['RB'],['5'],['42'],['8.4'],['32'],['0']
Cam Cook,TCU,['RB'],['9'],['42'],['4.7'],['16'],['0']
Jay Ducker,MEM,['RB'],['8'],['41'],['5.1'],['22'],['0']
Keilan Robinson,TEX,['RB'],['6'],['41'],['6.8'],['23'],['0']
Sevion Morrison,KU,['RB'],['8'],['41'],['5.1'],['9'],['1']
Tristen Rigby,CLEM,['RB'],['2'],['41'],['20.5'],['35'],['0']
Lee Witherspoon,UAB,['RB'],['13'],['40'],['3.1'],['17'],['0']
Ryan O'Keefe,BC,['WR'],['5'],['40'],['8.0'],['14'],['1']
Brian Snead,ARST,['RB'],['16'],['39'],['2.4'],['8'],['0']
Leroy Thomas,WMU,['WR'],['7'],['39'],['5.6'],['18'],['0']
JC French,GASO,['QB'],['10'],['39'],['3.9'],['18'],['0']
CJ Campbell Jr.,FSU,['RB'],['4'],['39'],['9.8'],['19'],['0']
Gunnar Gundy,OKST,['QB'],['14'],['39'],['2.8'],['21'],['0']
Leo Pulalasi,WSU,['RB'],['7'],['39'],['5.6'],['16'],['0']
Keith Adams Jr.,CLEM,['RB'],['7'],['39'],['5.6'],['13'],['0']
B.J. Harris,CMU,['RB'],['18'],['38'],['2.1'],['9'],['0']
Carlos Del Rio-Wilson,SYR,['QB'],['9'],['38'],['4.2'],['15'],['0']
Alex Orji,MICH,['QB'],['7'],['38'],['5.4'],['16'],['1']
Juju McDowell,SC,['RB'],['19'],['38'],['2.0'],['17'],['2']
Kaden Moorman,LOU,['RB'],['5'],['38'],['7.6'],['25'],['0']
D.J. Oliver,WVU,['RB'],['10'],['38'],['3.8'],['6'],['1']
Trace Campbell,UAB,['QB'],['6'],['38'],['6.3'],['14'],['0']
Darwin Barlow,USC,['RB'],['6'],['37'],['6.2'],['23'],['0']
Yulkeith Brown,TULN,['WR'],['3'],['37'],['12.3'],['15'],['2']
Ramon Jefferson,UK,['RB'],['7'],['36'],['5.1'],['16'],['0']
Kaden Prather,MD,['WR'],['1'],['36'],['36.0'],['36'],['0']
Daylan Smothers,OU,['RB'],['9'],['36'],['4.0'],['16'],['0']
Amare Thomas,UAB,['WR'],['3'],['36'],['12.0'],['33'],['0']
Curtis Douglas,KENT,['RB'],['7'],['36'],['5.1'],['12'],['0']
Jack Tuttle,MICH,['QB'],['4'],['35'],['8.8'],['18'],['0']
Devin Brown,OSU,['QB'],['19'],['35'],['1.8'],['8'],['1']
Grant Wilson,ODU,['QB'],['71'],['35'],['0.5'],['25'],['1']
Christian Nash,NIU,['RB'],['8'],['35'],['4.4'],['16'],['0']
Daelen Alexander,RICE,['RB'],['18'],['35'],['1.9'],['9'],['5']
Jay Haynes,CLEM,['RB'],['6'],['35'],['5.8'],['17'],['1']
Ui Ale,HOU,['QB'],['6'],['35'],['5.8'],['11'],['0']
Geordon Porter,CONN,['WR'],['1'],['34'],['34.0'],['34'],['0']
Cross Patton,NEV,['RB'],['13'],['34'],['2.6'],['8'],['0']
Ikaika Ragsdale,UNT,['RB'],['9'],['34'],['3.8'],['17'],['0']
Brady Lichtenberg,CIN,['QB'],['5'],['34'],['6.8'],['16'],['1']
Terrell Washington Jr.,IOWA,['RB'],['7'],['34'],['4.9'],['9'],['0']
Anthony Frias II,KSU,['RB'],['11'],['34'],['3.1'],['8'],['0']
Dorian Smith,USA,['RB'],['2'],['34'],['17.0'],['29'],['1']
Mac Dalena,FRES,['WR'],['1'],['33'],['33.0'],['33'],['0']
Brennan Presley,OKST,['WR'],['8'],['33'],['4.1'],['8'],['2']
Sawyer Robertson,BAY,['QB'],['19'],['33'],['1.7'],['31'],['1']
Leon Franklin,MICH,['RB'],['11'],['33'],['3.0'],['9'],['1']
Justin Jones,AUB,['RB'],['4'],['33'],['8.3'],['12'],['0']
Antonio Patterson,FIU,['RB'],['13'],['33'],['2.5'],['11'],['1']
McCae Hillstead,USU,['QB'],['29'],['33'],['1.1'],['18'],['0']
Jahbari Kuykendall,CCU,['RB'],['3'],['33'],['11.0'],['34'],['0']
Joseph Fagnano,CONN,['QB'],['16'],['32'],['2.0'],['13'],['0']
Cooper Jones,USU,['RB'],['8'],['32'],['4.0'],['15'],['1']
AJ Bianco,NEV,['QB'],['11'],['32'],['2.9'],['19'],['1']
Jake McNamara,UTEP,['QB'],['8'],['32'],['4.0'],['11'],['1']
J.J. Kohl,ISU,['QB'],['6'],['32'],['5.3'],['9'],['0']
Brock Glenn,FSU,['QB'],['2'],['32'],['16.0'],['34'],['0']
Evan Dickens,GT,['RB'],['8'],['32'],['4.0'],['19'],['0']
Sevaughn Clark,UGA,['RB'],['6'],['31'],['5.2'],['16'],['1']
Jalen John,MASS,['RB'],['10'],['31'],['3.1'],['7'],['0']
Damian Henderson II,CSU,['RB'],['7'],['31'],['4.4'],['11'],['0']
Cade Harris,AFA,['WR'],['5'],['31'],['6.2'],['9'],['2']
Jordan Lovett,TROY,['RB'],['7'],['31'],['4.4'],['6'],['0']
Thomas Pannunzio,CMU,['WR'],['3'],['30'],['10.0'],['19'],['0']
Jabari Bates,SJSU,['RB'],['11'],['30'],['2.7'],['7'],['0']
Mario Escobar,SYR,['RB'],['4'],['30'],['7.5'],['15'],['0']
Dalen Cobb,GASO,['WR'],['3'],['30'],['10.0'],['15'],['0']
Justin Holmes,KENT,['TE'],['1'],['30'],['30.0'],['30'],['0']
AJ Newberry,VAN,['RB'],['3'],['30'],['10.0'],['21'],['0']
Connor Walendzak,TOL,['RB'],['17'],['30'],['1.8'],['7'],['2']
Victor Snow,BUFF,['WR'],['5'],['30'],['6.0'],['16'],['0']
Dom Shoffner,CLT,['QB'],['2'],['29'],['14.5'],['19'],['0']
Richard Newton,WASH,['RB'],['4'],['29'],['7.3'],['17'],['0']
Levi Williams,USU,['QB'],['6'],['29'],['4.8'],['11'],['0']
Jam Griffin,MISS,['RB'],['5'],['29'],['5.8'],['14'],['0']
Omarion Dollison,JMU,['WR'],['2'],['29'],['14.5'],['26'],['0']
Jadon Jackson,KSU,['WR'],['3'],['29'],['9.7'],['14'],['0']
Tyler Crowe,BOIS,['RB'],['9'],['29'],['3.2'],['8'],['0']
Trevin Luben,NEB,['RB'],['3'],['29'],['9.7'],['18'],['0']
Junior Vandeross III,TOL,['WR'],['1'],['29'],['29.0'],['29'],['0']
Alonza Barnett III,JMU,['QB'],['5'],['29'],['5.8'],['9'],['1']
Justin Williams-Thomas,CAL,['RB'],['4'],['29'],['7.3'],['23'],['0']
Chris Curry,UTAH,['RB'],['8'],['28'],['3.5'],['9'],['0']
Antavious Willis,USM,['RB'],['6'],['28'],['4.7'],['12'],['0']
Mike Drennen II,TOL,['RB'],['7'],['28'],['4.0'],['8'],['1']
Doug Brumfield,UNLV,['QB'],['18'],['28'],['1.6'],['19'],['1']
Savion Williams,TCU,['WR'],['5'],['28'],['5.6'],['14'],['0']
Brock Bowers,UGA,['TE'],['6'],['28'],['4.7'],['14'],['1']
Al-Shadee Salaam,RUTG,['RB'],['6'],['28'],['4.7'],['18'],['1']
Henry Belin IV,DUKE,['QB'],['8'],['28'],['3.5'],['26'],['1']
LaJohntay Wester,FAU,['WR'],['4'],['28'],['7.0'],['21'],['0']
AJ Swann,VAN,['QB'],['25'],['28'],['1.1'],['25'],['1']
PJ Martin,USA,['RB'],['9'],['28'],['3.1'],['14'],['0']
Alan Bowman,OKST,['QB'],['18'],['27'],['1.5'],['12'],['1']
Chamon Metayer,CIN,['TE'],['1'],['27'],['27.0'],['27'],['0']
Charlie Norman,ULM,['RB'],['7'],['27'],['3.9'],['12'],['0']
Jaylin Lane,VT,['WR'],['6'],['27'],['4.5'],['11'],['0']
Cornelius Johnson,MICH,['WR'],['1'],['26'],['26.0'],['26'],['0']
Corey Wren,TCU,['RB'],['8'],['26'],['3.3'],['9'],['0']
T.J. Jones,UAB,['WR'],['3'],['26'],['8.7'],['15'],['0']
Billy Edwards Jr.,MD,['QB'],['6'],['26'],['4.3'],['9'],['1']
Chandler Pittman,USM,['RB'],['9'],['26'],['2.9'],['11'],['0']
Tobias Weaver,SHSU,['RB'],['13'],['26'],['2.0'],['8'],['0']
Jack Griese,UVA,['RB'],['8'],['26'],['3.3'],['9'],['0']
David Bailey,TA&M,['RB'],['5'],['25'],['5.0'],['13'],['0']
Lawrence Keys III,TULN,['WR'],['4'],['25'],['6.3'],['12'],['0']
Phillip Brooks,KSU,['WR'],['5'],['25'],['5.0'],['10'],['1']
Dayton Wade,MISS,['WR'],['7'],['25'],['3.6'],['9'],['0']
Logan Kyle,VAN,['TE'],['2'],['25'],['12.5'],['13'],['0']
Devin Boddie Jr.,WYO,['WR'],['3'],['25'],['8.3'],['26'],['0']
Simeon Price,MSST,['RB'],['3'],['25'],['8.3'],['11'],['0']
Tyler Van Dyke,MIA,['QB'],['14'],['25'],['1.8'],['37'],['1']
Victor Venn,LIB,['RB'],['5'],['25'],['5.0'],['12'],['0']
Jordan Nabors,BAY,['WR'],['7'],['25'],['3.6'],['7'],['0']
Malcolm Gillie,BALL,['WR'],['4'],['25'],['6.3'],['11'],['0']
Tucker Gleason,TOL,['QB'],['4'],['24'],['6.0'],['9'],['0']
Ja'Lynn Polk,WASH,['WR'],['2'],['24'],['12.0'],['27'],['1']
KZ Adams,GAST,['RB'],['15'],['24'],['1.6'],['6'],['0']
Tiaquelin Mims,USM,['DB'],['4'],['24'],['6.0'],['26'],['0']
Dalen Morris,HAW,['QB'],['7'],['23'],['3.3'],['15'],['1']
Tyler Brown,CLEM,['WR'],['1'],['23'],['23.0'],['23'],['0']
Ricky Pearsall,FLA,['WR'],['2'],['23'],['11.5'],['14'],['1']
Sam Adams II,WASH,['RB'],['10'],['23'],['2.3'],['11'],['1']
Daniyel Ngata,WASH,['RB'],['7'],['23'],['3.3'],['9'],['1']
Isaiah Williams,ILL,['WR'],['6'],['23'],['3.8'],['5'],['0']
Keagan Johnson,KSU,['WR'],['4'],['23'],['5.8'],['13'],['0']
Bugs Mortimer,ULM,['WR'],['3'],['23'],['7.7'],['23'],['0']
Max Johnson,TA&M,['QB'],['43'],['23'],['0.5'],['32'],['1']
Kendrell Williams,UL,['RB'],['3'],['23'],['7.7'],['12'],['0']
Devontez Walker,UNC,['WR'],['3'],['23'],['7.7'],['20'],['0']
Major Everhart,TCU,['WR'],['6'],['23'],['3.8'],['12'],['0']
Kam Ingram,UCF,['RB'],['4'],['23'],['5.8'],['12'],['0']
Amin Hassan,NAVY,['RB'],['9'],['23'],['2.6'],['11'],['0']
Wayne Knight,JMU,['RB'],['4'],['23'],['5.8'],['22'],['0']
Dedrick Latulas,LT,['WR'],['3'],['23'],['7.7'],['14'],['0']
Ashton Frye,JVST,['QB'],['7'],['23'],['3.3'],['11'],['0']
Ezell Jolly,UTEP,['RB'],['8'],['23'],['2.9'],['6'],['0']
Germie Bernard,WASH,['WR'],['9'],['22'],['2.4'],['11'],['2']
Dante Jackson,AKR,['PK'],['1'],['22'],['22.0'],['22'],['0']
K.D. Hutchinson,WKU,['WR'],['3'],['22'],['7.3'],['23'],['1']
Quintell Quinn,OHIO,['RB'],['5'],['22'],['4.4'],['8'],['0']
Che Nwabuko,PITT,['WR'],['3'],['22'],['7.3'],['24'],['0']
Chrishon McCray,KENT,['WR'],['4'],['22'],['5.5'],['11'],['0']
RJ Martinez,BAY,['QB'],['3'],['22'],['7.3'],['9'],['0']
Kaden Wetjen,IOWA,['WR'],['3'],['22'],['7.3'],['14'],['0']
Evan Conley,LOU,['QB'],['3'],['21'],['7.0'],['19'],['0']
Jalen McMillan,WASH,['WR'],['2'],['21'],['10.5'],['19'],['1']
Grayson James,FIU,['QB'],['21'],['21'],['1.0'],['18'],['1']
Emeka Egbuka,OSU,['WR'],['4'],['21'],['5.3'],['9'],['0']
Khaleb Hood,GASO,['WR'],['2'],['21'],['10.5'],['16'],['0']
Jelani Stafford,CONN,['DL'],['12'],['21'],['1.8'],['4'],['6']
Tavierre Dunlap,MICH,['RB'],['5'],['21'],['4.2'],['7'],['0']
Chance Black,VT,['RB'],['4'],['21'],['5.3'],['8'],['0']
Garret Rangel,OKST,['QB'],['6'],['21'],['3.5'],['10'],['0']
Freddie Brock,GAST,['RB'],['3'],['21'],['7.0'],['12'],['0']
Zach Vigil,UNM,['RB'],['7'],['21'],['3.0'],['8'],['0']
Isaiah Augustave,ARK,['RB'],['6'],['21'],['3.5'],['8'],['0']
Quinton Jackson,RICE,['RB'],['6'],['21'],['3.5'],['11'],['0']
Nate Johnson,BC,['WR'],['3'],['21'],['7.0'],['18'],['0']
Jaelen Gill,FRES,['WR'],['8'],['20'],['2.5'],['6'],['0']
Luke McCaffrey,RICE,['WR'],['8'],['20'],['2.5'],['12'],['0']
Kelley Joiner,USF,['RB'],['8'],['20'],['2.5'],['6'],['0']
Keyon Lesane,NCSU,['WR'],['3'],['20'],['6.7'],['8'],['0']
Tyler Buchner,ALA,['QB'],['3'],['20'],['6.7'],['9'],['1']
Kaylon Horton,UNT,['WR'],['4'],['20'],['5.0'],['11'],['0']
MJ Morris,NCSU,['QB'],['26'],['20'],['0.8'],['16'],['0']
Marquis Crosby,LT,['RB'],['1'],['20'],['20.0'],['20'],['0']
Jakarius Caston,USM,['WR'],['2'],['20'],['10.0'],['11'],['1']
David Amador,UTSA,['WR'],['1'],['20'],['20.0'],['20'],['0']
Montravius Lloyd,PITT,['RB'],['5'],['20'],['4.0'],['5'],['0']
Jarvis Durr,USA,['RB'],['3'],['20'],['6.7'],['13'],['0']
Kevin Jennings,SMU,['QB'],['8'],['20'],['2.5'],['10'],['1']
Jordan Jenkins,BAY,['RB'],['2'],['19'],['9.5'],['16'],['0']
Miller Moss,USC,['QB'],['2'],['19'],['9.5'],['15'],['2']
Ethan Wright,CIN,['RB'],['7'],['19'],['2.7'],['9'],['0']
Brian Brewton,CONN,['RB'],['3'],['19'],['6.3'],['8'],['0']
Justyn Martin,UCLA,['QB'],['3'],['19'],['6.3'],['15'],['0']
Carlos Davis,MASS,['QB'],['20'],['19'],['0.9'],['18'],['0']
Rickie Collins,LSU,['QB'],['3'],['19'],['6.3'],['13'],['0']
Anton Hall Jr.,NAVY,['RB'],['6'],['19'],['3.2'],['6'],['2']
Demetrius Battle,UAB,['RB'],['5'],['19'],['3.8'],['7'],['0']
Jamal Hailey,WMU,['RB'],['6'],['19'],['3.2'],['7'],['0']
Rickey Hunt,OHIO,['RB'],['6'],['19'],['3.2'],['10'],['0']
Alex Smith,GASO,['P'],['1'],['18'],['18.0'],['18'],['0']
Casey Rogers,ORE,['DL'],['1'],['18'],['18.0'],['18'],['0']
Jack Plummer,LOU,['QB'],['53'],['18'],['0.3'],['20'],['1']
Sterling Galban,JVST,['WR'],['5'],['18'],['3.6'],['10'],['0']
Joachim Bangda,CLT,['RB'],['11'],['18'],['1.6'],['7'],['1']
Gary Bryant Jr.,ORE,['WR'],['3'],['18'],['6.0'],['15'],['0']
Amaad Foston,UVA,['RB'],['3'],['18'],['6.0'],['8'],['0']
Trent Battle,TCU,['RB'],['7'],['18'],['2.6'],['10'],['0']
David Holloman,IU,['RB'],['6'],['18'],['3.0'],['7'],['0']
Johnathan Arceneaux,FRES,['RB'],['6'],['18'],['3.0'],['9'],['0']
Cole Nelson,VT,['DL'],['1'],['18'],['18.0'],['18'],['0']
Elliott Nimrod,USU,['PK'],['1'],['18'],['18.0'],['18'],['1']
Daniel Wood,UTAH,['RB'],['4'],['18'],['4.5'],['10'],['0']
Jimmy Horn Jr.,COLO,['WR'],['2'],['18'],['9.0'],['17'],['0']
Te'Sean Smoot,JVST,['QB'],['4'],['18'],['4.5'],['5'],['0']
Richard Young,ALA,['RB'],['5'],['18'],['3.6'],['11'],['0']
Easton Messer,WKU,['WR'],['1'],['18'],['18.0'],['18'],['0']
KJ Edwards,CSU,['RB'],['2'],['18'],['9.0'],['12'],['0']
Ben Kiernan,UNC,['P'],['1'],['17'],['17.0'],['17'],['0']
Chris Mayo,EMU,['OL'],['0'],['17'],['0.0'],['17'],['0']
Matthew Shipley,HAW,['PK'],['1'],['17'],['17.0'],['17'],['0']
Davion Primm,MSU,['RB'],['4'],['17'],['4.3'],['8'],['0']
Gunner Stockton,UGA,['QB'],['4'],['17'],['4.3'],['14'],['0']
Deuce Spann,FSU,['WR'],['3'],['17'],['5.7'],['15'],['0']
Braylin Presley,TLSA,['RB'],['5'],['17'],['3.4'],['10'],['0']
Monaray Baldwin,BAY,['WR'],['3'],['17'],['5.7'],['12'],['0']
Grayson Loftis,DUKE,['QB'],['8'],['17'],['2.1'],['8'],['0']
Micah Barnett,RICE,['FB'],['6'],['17'],['2.8'],['6'],['0']
Emari White,UTEP,['WR'],['1'],['17'],['17.0'],['17'],['0']
Lamar Sperling,BUFF,['RB'],['4'],['17'],['4.3'],['8'],['0']
Djay Braswell,SC,['RB'],['4'],['17'],['4.3'],['9'],['0']
Landan Brown,SHSU,['RB'],['9'],['17'],['1.9'],['6'],['0']
John Adams,TEM,['WR'],['1'],['16'],['16.0'],['16'],['0']
Drake Stoops,OU,['WR'],['2'],['16'],['8.0'],['13'],['0']
Jordan Whittington,TEX,['WR'],['2'],['16'],['8.0'],['20'],['0']
Alante Brown,MSU,['WR'],['5'],['16'],['3.2'],['10'],['0']
Deion Burks,PUR,['WR'],['2'],['16'],['8.0'],['10'],['0']
DJ Riles,MTSU,['QB'],['5'],['16'],['3.2'],['7'],['0']
Gavin Freeman,OU,['WR'],['3'],['16'],['5.3'],['10'],['0']
Keldric Luster,SMU,['QB'],['2'],['16'],['8.0'],['10'],['0']
Quran Boyd,DUKE,['WR'],['6'],['16'],['2.7'],['9'],['0']
Junior Sherrill,VAN,['WR'],['2'],['16'],['8.0'],['20'],['0']
Jordan Faison,ND,['WR'],['1'],['16'],['16.0'],['16'],['0']
Je'Quan Burton,FAU,['WR'],['1'],['15'],['15.0'],['15'],['0']
Charlie Vincent,UTAH,['RB'],['5'],['15'],['3.0'],['5'],['0']
Xavier Weaver,COLO,['WR'],['2'],['15'],['7.5'],['14'],['2']
Jack Coulson,KENT,['WR'],['1'],['15'],['15.0'],['15'],['0']
Odieu Hiliare,BGSU,['WR'],['0'],['15'],['0.0'],['15'],['0']
PJ Johnson III,NMSU,['WR'],['1'],['15'],['15.0'],['15'],['0']
Tevin White,ASU,['RB'],['8'],['15'],['1.9'],['7'],['0']
Trapper Pannell,SHSU,['QB'],['12'],['15'],['1.3'],['10'],['3']
Bryson Donnell,TTU,['RB'],['4'],['15'],['3.8'],['12'],['0']
Ahmarian Granger,ODU,['WR'],['1'],['15'],['15.0'],['15'],['0']
Carlson Joseph,FLA,['RB'],['3'],['15'],['5.0'],['7'],['0']
Landon Sides,UNT,['WR'],['2'],['15'],['7.5'],['8'],['0']
Tyler Walton,OHIO,['WR'],['3'],['14'],['4.7'],['7'],['0']
Devyn Ford,ND,['RB'],['4'],['14'],['3.5'],['5'],['0']
Jalen Mitchell,CONN,['RB'],['5'],['14'],['2.8'],['9'],['0']
Jimmy Calloway,LOU,['WR'],['2'],['14'],['7.0'],['7'],['0']
Jordon Simmons,MSU,['RB'],['7'],['14'],['2.0'],['4'],['0']
Rome Odunze,WASH,['WR'],['1'],['14'],['14.0'],['14'],['1']
Iverson Celestine,TULN,['RB'],['3'],['14'],['4.7'],['11'],['0']
Evan Pryor,OSU,['RB'],['6'],['14'],['2.3'],['6'],['0']
Colton Spangler,MD,['P'],['1'],['14'],['14.0'],['14'],['0']
Kacper Rutkiewicz,NIU,['WR'],['2'],['14'],['7.0'],['9'],['0']
Skip Velotta,ND,['RB'],['2'],['14'],['7.0'],['9'],['0']
Josh Atkins,HAW,['OL'],['0'],['14'],['0.0'],['14'],['0']
Eddie Battle,FLA,['RB'],['6'],['14'],['2.3'],['7'],['0']
Jonathan Brady,NMSU,['WR'],['6'],['14'],['2.3'],['7'],['0']
George Hart III,ASU,['RB'],['5'],['14'],['2.8'],['7'],['0']
A'Marion Peterson,USC,['RB'],['2'],['14'],['7.0'],['9'],['0']
Kalib Hicks,OU,['RB'],['3'],['14'],['4.7'],['9'],['1']
Spencer Sanders,MISS,['QB'],['5'],['13'],['2.6'],['14'],['0']
Dee Wiggins,CIN,['WR'],['1'],['13'],['13.0'],['13'],['0']
Billy Kemp IV,NEB,['WR'],['2'],['13'],['6.5'],['9'],['1']
Jesiah Irish,ORST,['WR'],['2'],['13'],['6.5'],['11'],['0']
Christian Veilleux,PITT,['QB'],['19'],['13'],['0.7'],['11'],['0']
Wyatt Wieland,WYO,['WR'],['4'],['13'],['3.3'],['11'],['0']
Keelan Marion,BYU,['WR'],['6'],['13'],['2.2'],['6'],['2']
Cole Harrity,BUFF,['WR'],['3'],['13'],['4.3'],['6'],['0']
Cam'ron Barfield,BC,['RB'],['8'],['13'],['1.6'],['10'],['0']
Cam Crooks,TLSA,['WR'],['4'],['13'],['3.3'],['10'],['0']
Lucian Anderson III,BGSU,['QB'],['4'],['13'],['3.3'],['9'],['0']
Tyler Bradley,NAVY,['RB'],['1'],['13'],['13.0'],['13'],['0']
Ahmad Edwards,BALL,['WR'],['2'],['12'],['6.0'],['9'],['0']
Jamari Thrash,LOU,['WR'],['1'],['12'],['12.0'],['12'],['1']
Traeshon Holden,ORE,['WR'],['2'],['12'],['6.0'],['7'],['1']
Jack Dawson,JVST,['P'],['1'],['12'],['12.0'],['12'],['0']
Behren Morton,TTU,['QB'],['28'],['12'],['0.4'],['10'],['3']
JoJo Earle,TCU,['WR'],['3'],['12'],['4.0'],['9'],['0']
Brock Domann,LOU,['QB'],['3'],['12'],['4.0'],['11'],['0']
Dane Kinamon,AFA,['WR'],['4'],['12'],['3.0'],['4'],['0']
Elijah Green,UNC,['RB'],['4'],['12'],['3.0'],['9'],['0']
Terron Dixon III,GASO,['RB'],['5'],['12'],['2.4'],['12'],['0']
Jake Tafelski,CMU,['RB'],['3'],['12'],['4.0'],['5'],['0']
Shaun Thomas,CIN,['RB'],['7'],['12'],['1.7'],['5'],['0']
Jet Harris,AFA,['RB'],['4'],['12'],['3.0'],['4'],['1']
Ethan Crawford,USM,['QB'],['2'],['12'],['6.0'],['10'],['1']
Xayvion Turner-Bradshaw,VT,['WR'],['2'],['12'],['6.0'],['9'],['0']
Jalen Bracey,FIU,['WR'],['2'],['12'],['6.0'],['7'],['0']
Evan Svoboda,WYO,['QB'],['13'],['12'],['0.9'],['7'],['0']
Kenyon Sadiq,ORE,['TE'],['1'],['12'],['12.0'],['12'],['0']
John Busha,AFA,['QB'],['3'],['12'],['4.0'],['6'],['0']
Dino Tomlin,BC,['WR'],['1'],['11'],['11.0'],['11'],['0']
Jacob Cowing,ARIZ,['WR'],['3'],['11'],['3.7'],['4'],['0']
Roderick Daniels Jr.,SMU,['WR'],['8'],['11'],['1.4'],['4'],['0']
Antwan Roberts,MRSH,['RB'],['2'],['11'],['5.5'],['8'],['0']
Malachi Corley,WKU,['WR'],['4'],['11'],['2.8'],['6'],['0']
Luther Burden III,MIZ,['WR'],['5'],['11'],['2.2'],['6'],['0']
Terrance Gibbs,GASO,['RB'],['7'],['11'],['1.6'],['7'],['0']
Jake Arthurs,NU,['RB'],['4'],['11'],['2.8'],['8'],['0']
Charles Crawford III,SHSU,['RB'],['7'],['11'],['1.6'],['4'],['0']
Braedyn Locke,WIS,['QB'],['11'],['11'],['1.0'],['29'],['0']
Mudia Reuben,STAN,['WR'],['2'],['11'],['5.5'],['13'],['0']
Charlie Offerdahl,COLO,['RB'],['2'],['11'],['5.5'],['6'],['0']
David Cordero,HAW,['RB'],['6'],['11'],['1.8'],['7'],['0']
Christian Washington,UNM,['RB'],['12'],['11'],['0.9'],['5'],['0']
E.J. Warner,TEM,['QB'],['16'],['11'],['0.7'],['10'],['0']
Dakota Williams,LT,['WR'],['8'],['11'],['1.4'],['6'],['1']
Kaden Cloud,AFA,['RB'],['2'],['11'],['5.5'],['11'],['0']
Timmy Bleekrode,NEB,['PK'],['1'],['10'],['10.0'],['10'],['0']
Jeremiah Hixon,UNM,['WR'],['2'],['10'],['5.0'],['7'],['0']
Dashaun Davis,APP,['WR'],['1'],['10'],['10.0'],['10'],['0']
Lawrence Arnold,KU,['WR'],['1'],['10'],['10.0'],['10'],['0']
Roman Wilson,MICH,['WR'],['1'],['10'],['10.0'],['10'],['0']
Jayden Thomas,ND,['WR'],['1'],['10'],['10.0'],['10'],['0']
Kendrell Flowers,NIU,['RB'],['3'],['10'],['3.3'],['4'],['0']
Tahj Washington,USC,['WR'],['1'],['10'],['10.0'],['10'],['0']
Julian Gray,NCSU,['WR'],['3'],['10'],['3.3'],['7'],['0']
JP Richardson,TCU,['WR'],['2'],['10'],['5.0'],['8'],['0']
Jayden Denegal,MICH,['QB'],['4'],['10'],['2.5'],['8'],['0']
AJ Padgett,RICE,['QB'],['3'],['10'],['3.3'],['11'],['0']
Braylen Walker,RICE,['WR'],['2'],['10'],['5.0'],['8'],['0']
Nyck Harbor,SC,['WR'],['2'],['10'],['5.0'],['9'],['0']
Jaquaize Pettaway,OU,['WR'],['1'],['10'],['10.0'],['10'],['0']
Devin McCuin,UTSA,['WR'],['1'],['10'],['10.0'],['10'],['0']
Blake Murphy,ULM,['QB'],['15'],['10'],['0.7'],['15'],['0']
Ajani Sheppard,RUTG,['QB'],['1'],['10'],['10.0'],['10'],['0']
Brandon High,UTSA,['RB'],['5'],['10'],['2.0'],['5'],['0']
Kadin Semonza,BALL,['QB'],['17'],['10'],['0.6'],['16'],['0']
Jaylen Lloyd,NEB,['WR'],['2'],['10'],['5.0'],['9'],['0']
Champ Harris,ARMY,['QB'],['20'],['10'],['0.5'],['36'],['1']
Malik Caper,LIB,['RB'],['1'],['9'],['9.0'],['9'],['0']
Tyrone Broden,ARK,['WR'],['1'],['9'],['9.0'],['9'],['0']
Anthony Sambucci,WMU,['WR'],['1'],['9'],['9.0'],['9'],['0']
Malik Washington,UVA,['WR'],['2'],['9'],['4.5'],['8'],['0']
Ke'Shawn Williams,WAKE,['WR'],['2'],['9'],['4.5'],['7'],['1']
Zach Haynes,NMSU,['P'],['1'],['9'],['9.0'],['9'],['0']
Chase Gabriel,FIU,['PK'],['1'],['9'],['9.0'],['9'],['0']
Joey Bearns III,CLT,['TE'],['3'],['9'],['3.0'],['5'],['0']
Sam Horn,MIZ,['QB'],['3'],['9'],['3.0'],['6'],['0']
Jake Farrell,HAW,['QB'],['2'],['9'],['4.5'],['9'],['0']
Timothy Conerly,UNLV,['WR'],['2'],['9'],['4.5'],['5'],['0']
Atticus Sappington,ORST,['PK'],['1'],['9'],['9.0'],['9'],['0']
Braylon McReynolds,USA,['RB'],['2'],['9'],['4.5'],['6'],['0']
Raheim Jeter,ECU,['QB'],['1'],['9'],['9.0'],['9'],['0']
Khalifa Keith,TENN,['RB'],['4'],['9'],['2.3'],['6'],['0']
Bryce McMahon,TOL,['RB'],['3'],['9'],['3.0'],['7'],['0']
Kayden Collins,SJSU,['RB'],['2'],['9'],['4.5'],['6'],['0']
Malik Phillips,SHSU,['WR'],['3'],['9'],['3.0'],['8'],['0']
Troy Leigber,UCLA,['RB'],['1'],['9'],['9.0'],['9'],['0']
Perry Carter,JVST,['WR'],['1'],['8'],['8.0'],['8'],['0']
Kenyon Sims,JVST,['RB'],['4'],['8'],['2.0'],['4'],['0']
Sam Hartman,ND,['QB'],['34'],['8'],['0.2'],['17'],['2']
Cam Johnson,NU,['WR'],['1'],['8'],['8.0'],['8'],['0']
Jaren Mangham,MSU,['RB'],['3'],['8'],['2.7'],['4'],['0']
Ben Finley,CAL,['QB'],['12'],['8'],['0.7'],['6'],['0']
Derrick Davis Jr.,PITT,['RB'],['2'],['8'],['4.0'],['7'],['0']
Jayden Harrison,MRSH,['WR'],['1'],['8'],['8.0'],['8'],['0']
Cameron Ross,CONN,['WR'],['2'],['8'],['4.0'],['14'],['0']
Danny Hughes,MICH,['RB'],['2'],['8'],['4.0'],['6'],['0']
Jabre Barber,TROY,['WR'],['1'],['8'],['8.0'],['8'],['0']
Tar'Varish Dawson,COLO,['WR'],['1'],['8'],['8.0'],['8'],['1']
Emmett Morehead,BC,['QB'],['2'],['8'],['4.0'],['4'],['0']
Kaleb Brown,IOWA,['WR'],['2'],['8'],['4.0'],['9'],['0']
CJ Stokes,MICH,['RB'],['4'],['8'],['2.0'],['7'],['0']
Bryson Moss,EMU,['RB'],['1'],['8'],['8.0'],['8'],['0']
Will Pelissier,WYO,['WR'],['2'],['8'],['4.0'],['4'],['0']
Reese Clark,TEM,['TE'],['3'],['8'],['2.7'],['3'],['0']
Mike Sharpe II,ARST,['RB'],['2'],['8'],['4.0'],['5'],['0']
Max Fletcher,ARK,['P'],['1'],['8'],['8.0'],['8'],['0']
Kaleb Black,ASU,['WR'],['2'],['8'],['4.0'],['5'],['0']
Dewayne Coleman,ARMY,['QB'],['4'],['8'],['2.0'],['5'],['0']
Noah Short,ARMY,['WR'],['3'],['8'],['2.7'],['6'],['0']
Chuuky Hines,HAW,['WR'],['1'],['8'],['8.0'],['8'],['0']
Chauncy Cobb,ARST,['WR'],['1'],['8'],['8.0'],['8'],['0']
Tate Jernigan,TULN,['RB'],['1'],['8'],['8.0'],['8'],['0']
Jonathon Carter,USA,['RB'],['1'],['8'],['8.0'],['8'],['0']
Que Williams,M-OH,['WR'],['1'],['8'],['8.0'],['8'],['0']
Hamze El-Zayat,EMU,['WR'],['2'],['7'],['3.5'],['6'],['0']
Tyler Harrell,MIA,['WR'],['1'],['7'],['7.0'],['7'],['0']
Trent Pennix,NCSU,['TE'],['1'],['7'],['7.0'],['7'],['0']
Sam Pinckney,CCU,['WR'],['1'],['7'],['7.0'],['7'],['0']
Mark Pope,MASS,['WR'],['4'],['7'],['1.8'],['11'],['0']
Jarrad Baker,UCF,['WR'],['2'],['7'],['3.5'],['5'],['0']
Marvin Harrison Jr.,OSU,['WR'],['1'],['7'],['7.0'],['7'],['0']
Jahmal Banks,WAKE,['WR'],['1'],['7'],['7.0'],['7'],['0']
Jaylen Henderson,TA&M,['QB'],['1'],['7'],['7.0'],['7'],['0']
Janiran Bonner,NEB,['FB'],['3'],['7'],['2.3'],['3'],['0']
Tychaun Chapman,UNC,['WR'],['1'],['7'],['7.0'],['7'],['0']
Josh Hoover,TCU,['QB'],['11'],['7'],['0.6'],['26'],['0']
Tyson Riley,ARMY,['RB'],['3'],['7'],['2.3'],['4'],['0']
Ben Brittain,AFA,['QB'],['1'],['7'],['7.0'],['7'],['0']
Matt Colombo,USC,['RB'],['1'],['7'],['7.0'],['7'],['0']
Kylen Austin,LIB,['WR'],['2'],['7'],['3.5'],['4'],['0']
Tevin Carter,MEM,['QB'],['2'],['7'],['3.5'],['11'],['0']
Jaxon Dailey,ARST,['QB'],['10'],['7'],['0.7'],['10'],['0']
Iverson Hooks,UAB,['WR'],['1'],['7'],['7.0'],['7'],['0']
Bobby Golden,AKR,['WR'],['2'],['7'],['3.5'],['4'],['0']
Nolan Ray,MD,['RB'],['3'],['7'],['2.3'],['6'],['0']
Caleb Komolafe,NU,['RB'],['2'],['7'],['3.5'],['5'],['0']
Kelly Akharaiyi,UTEP,['WR'],['1'],['7'],['7.0'],['7'],['0']
George Arata,TULN,['RB'],['2'],['7'],['3.5'],['4'],['0']
Zack Dobson,MTSU,['WR'],['3'],['6'],['2.0'],['3'],['1']
Harold Joiner III,MSU,['LB'],['2'],['6'],['3.0'],['6'],['0']
Tayvion Robinson,UK,['WR'],['1'],['6'],['6.0'],['6'],['0']
Ainias Smith,TA&M,['WR'],['3'],['6'],['2.0'],['4'],['0']
Sedrick Van Pran,UGA,['OL'],['0'],['6'],['0.0'],['6'],['0']
Tate Rodemaker,FSU,['QB'],['1'],['6'],['6.0'],['6'],['0']
Corey Rucker,ARST,['WR'],['1'],['6'],['6.0'],['6'],['0']
Mark-Antony Richards,UCF,['RB'],['2'],['6'],['3.0'],['7'],['1']
Shawn Harris Jr.,MASS,['WR'],['1'],['6'],['6.0'],['6'],['0']
Abdul-Fatai Ibrahim,BGSU,['WR'],['3'],['6'],['2.0'],['5'],['0']
Ethan Hampton,NIU,['QB'],['4'],['6'],['1.5'],['6'],['0']
Chase Contreraz,ISU,['PK'],['1'],['6'],['6.0'],['6'],['0']
Jalen Montgomery,MTSU,['RB'],['2'],['6'],['3.0'],['4'],['0']
Joseph Martinez,MSU,['RB'],['5'],['6'],['1.2'],['3'],['0']
LaNorris Sellers,SC,['QB'],['2'],['6'],['3.0'],['4'],['0']
Gavin Haines,ORST,['RB'],['2'],['6'],['3.0'],['5'],['0']
Cole Cabana,MICH,['RB'],['2'],['6'],['3.0'],['5'],['0']
Terrell Vaughn,USU,['WR'],['3'],['6'],['2.0'],['4'],['0']
Trimaine Brown Jr.,BGSU,['WR'],['2'],['6'],['3.0'],['4'],['0']
Darius Stone,AFA,['RB'],['1'],['6'],['6.0'],['6'],['0']
JQ Gray,USM,['RB'],['3'],['6'],['2.0'],['3'],['0']
Darren Lloyd,CCU,['RB'],['2'],['6'],['3.0'],['4'],['0']
Maurice Mazzccua,NEB,['RB'],['1'],['6'],['6.0'],['6'],['0']
Travis Glover,GAST,['OT'],['1'],['5'],['5.0'],['5'],['0']
Jax Sherrard,SHSU,['TE'],['1'],['5'],['5.0'],['5'],['0']
JJ Branham,SYR,['RB'],['3'],['5'],['1.7'],['3'],['0']
Oscar Cardenas,UTSA,['TE'],['2'],['5'],['2.5'],['3'],['0']
Demeer Blankumsee,MEM,['WR'],['1'],['5'],['5.0'],['5'],['0']
Anthony Gould,ORST,['WR'],['2'],['5'],['2.5'],['4'],['0']
Jayson Jones,JVST,['WR'],['1'],['5'],['5.0'],['5'],['0']
Izayah Cummings,UK,['TE'],['1'],['5'],['5.0'],['5'],['0']
Courtney Jackson,ARST,['WR'],['1'],['5'],['5.0'],['5'],['0']
Ayir Asante,WYO,['WR'],['3'],['5'],['1.7'],['10'],['0']
DC Tabscott,UNM,['QB'],['1'],['5'],['5.0'],['5'],['0']
Mareyohn Hrabowski,WMU,['QB'],['2'],['5'],['2.5'],['4'],['0']
Tariq Sims,ODU,['RB'],['2'],['5'],['2.5'],['3'],['0']
Braden Davis,SYR,['QB'],['2'],['5'],['2.5'],['4'],['0']
AJ Duffy,FSU,['QB'],['3'],['5'],['1.7'],['9'],['0']
Brett Griffis,JMU,['QB'],['2'],['5'],['2.5'],['4'],['0']
Octavian Smith Jr.,MD,['WR'],['1'],['5'],['5.0'],['5'],['0']
Jaden Rashada,ASU,['QB'],['8'],['5'],['0.6'],['9'],['0']
Cameron Seldon,TENN,['RB'],['3'],['5'],['1.7'],['2'],['0']
Tim Gans,NMSU,['RB'],['1'],['5'],['5.0'],['5'],['0']
Taven Curry,UAB,['RB'],['1'],['5'],['5.0'],['5'],['0']
Charles Kellom,AKR,['RB'],['4'],['5'],['1.3'],['4'],['0']
London Humphreys,VAN,['WR'],['1'],['5'],['5.0'],['5'],['0']
Squirrel White,TENN,['WR'],['1'],['5'],['5.0'],['5'],['0']
Harold Fannin Jr.,BGSU,['TE'],['5'],['5'],['1.0'],['5'],['0']
Darius Lassiter,BYU,['WR'],['1'],['5'],['5.0'],['5'],['0']
Cannon Turner,AFA,['QB'],['3'],['5'],['1.7'],['3'],['0']
David Egbe,WAKE,['RB'],['3'],['5'],['1.7'],['3'],['0']
Josiah Gonzales,UCLA,['DB'],['3'],['5'],['1.7'],['3'],['0']
Ike Udengwu III,EMU,['QB'],['5'],['5'],['1.0'],['15'],['0']
Chris Edmonds,BGSU,['RB'],['1'],['5'],['5.0'],['5'],['0']
Dante Wright,TEM,['WR'],['1'],['4'],['4.0'],['4'],['0']
Andy Alfieri,CAL,['FB'],['2'],['4'],['2.0'],['4'],['0']
Kaedric Cobbs,UTSA,['RB'],['2'],['4'],['2.0'],['2'],['0']
Santino Marucci,WAKE,['QB'],['8'],['4'],['0.5'],['8'],['0']
EJ Horton,WVU,['WR'],['1'],['4'],['4.0'],['4'],['0']
Billy Dozier,NIU,['WR'],['4'],['4'],['1.0'],['5'],['0']
C.J. Smith,UGA,['WR'],['1'],['4'],['4.0'],['4'],['0']
Nico Iamaleava,TENN,['QB'],['2'],['4'],['2.0'],['8'],['0']
Christian Francisco,RICE,['RB'],['1'],['4'],['4.0'],['4'],['1']
Drae McCray,TTU,['WR'],['1'],['4'],['4.0'],['4'],['0']
Franklin Estrada II,TCU,['RB'],['1'],['4'],['4.0'],['4'],['0']
Semaj Morgan,MICH,['WR'],['1'],['4'],['4.0'],['4'],['0']
Mikey Matthews,UTAH,['WR'],['1'],['4'],['4.0'],['4'],['0']
Tyler Holzworth,PSU,['RB'],['3'],['4'],['1.3'],['2'],['0']
Robert Armes,FAU,['RB'],['2'],['4'],['2.0'],['2'],['0']
Jaylen Morgan,UNM,['RB'],['1'],['4'],['4.0'],['4'],['0']
Jarvis Green,CLEM,['RB'],['3'],['4'],['1.3'],['2'],['0']
Charlie Mangieri,NU,['TE'],['1'],['3'],['3.0'],['3'],['0']
Payton Wilson,NCSU,['LB'],['1'],['3'],['3.0'],['3'],['0']
Gino Campiotti,MASS,['TE'],['1'],['3'],['3.0'],['3'],['0']
Chase Griffin,UCLA,['QB'],['2'],['3'],['1.5'],['9'],['0']
Amari Johnson,UCF,['WR'],['2'],['3'],['1.5'],['2'],['0']
Cole Kramer,MINN,['QB'],['2'],['3'],['1.5'],['4'],['0']
Jalon Calhoun,DUKE,['WR'],['1'],['3'],['3.0'],['3'],['0']
Xavier Legette,SC,['WR'],['4'],['3'],['0.8'],['7'],['0']
Grant Wells,VT,['QB'],['14'],['3'],['0.2'],['10'],['1']
Mookie Cooper,MIZ,['WR'],['1'],['3'],['3.0'],['3'],['0']
John Copenhaver,UNC,['TE'],['0'],['3'],['0.0'],['3'],['0']
Evan Prater,CIN,['WR'],['2'],['3'],['1.5'],['2'],['0']
Sammy Malignaggi,JMU,['RB'],['1'],['3'],['3.0'],['3'],['0']
Josh Atwood,MASS,['OL'],['0'],['3'],['0.0'],['3'],['0']
Xavier White,TTU,['WR'],['4'],['3'],['0.8'],['2'],['0']
Joshua Gray,ORST,['OL'],['1'],['3'],['3.0'],['3'],['1']
Sean Atkins,USF,['WR'],['2'],['3'],['1.5'],['6'],['0']
Josh Kelly,WSU,['WR'],['1'],['3'],['3.0'],['3'],['0']
Dan Villari,SYR,['TE'],['2'],['3'],['1.5'],['2'],['0']
Kaden Dudley,BOIS,['RB'],['4'],['3'],['0.8'],['7'],['0']
Gunnar Greenwald,USF,['TE'],['1'],['3'],['3.0'],['3'],['0']
Xavier Worthy,TEX,['WR'],['2'],['3'],['1.5'],['3'],['0']
Ramon Brown,MD,['RB'],['1'],['3'],['3.0'],['3'],['0']
Tetairoa McMillan,ARIZ,['WR'],['1'],['3'],['3.0'],['3'],['0']
Chase Ketterer,ND,['RB'],['1'],['3'],['3.0'],['3'],['0']
Kenneth Womack,WMU,['WR'],['0'],['3'],['0.0'],['3'],['0']
Jalen Johnson,AFA,['RB'],['1'],['3'],['3.0'],['3'],['0']
Pierce Clarkson,LOU,['QB'],['1'],['3'],['3.0'],['3'],['0']
Jaden Greathouse,ND,['WR'],['1'],['3'],['3.0'],['3'],['0']
John Randle Jr.,UTAH,['RB'],['2'],['3'],['1.5'],['2'],['0']
Wise Segars Jr.,CLEM,['RB'],['1'],['3'],['3.0'],['3'],['0']
Max White,IOWA,['RB'],['3'],['3'],['1.0'],['3'],['1']
Sam Assaf,ND,['RB'],['2'],['3'],['1.5'],['2'],['0']
Brady Drogosh,CIN,['QB'],['3'],['3'],['1.0'],['8'],['0']
Marquis Johnson,MIZ,['WR'],['1'],['3'],['3.0'],['3'],['0']
Grady Brosterhous,UVA,['QB'],['2'],['3'],['1.5'],['2'],['0']
Ethan Rhodes,NCSU,['QB'],['1'],['3'],['3.0'],['3'],['0']
Jake Reichle,ORST,['RB'],['1'],['3'],['3.0'],['3'],['0']
Henry Donohue,MICH,['RB'],['1'],['3'],['3.0'],['3'],['0']
Jayce Brown,KSU,['WR'],['4'],['3'],['0.8'],['2'],['0']
Duane Thomas Jr.,CLT,['WR'],['2'],['3'],['1.5'],['5'],['0']
Kade Frew,AFA,['RB'],['1'],['3'],['3.0'],['3'],['0']
Casey Thompson,FAU,['QB'],['10'],['2'],['0.2'],['14'],['0']
Tanner Knue,EMU,['WR'],['1'],['2'],['2.0'],['2'],['0']
Bru McCoy,TENN,['WR'],['1'],['2'],['2.0'],['2'],['0']
Ryan Hilinski,NU,['QB'],['1'],['2'],['2.0'],['2'],['0']
Johnathan Bennett,LIB,['QB'],['1'],['2'],['2.0'],['2'],['0']
Davis Beville,OU,['QB'],['1'],['2'],['2.0'],['2'],['0']
Jaheim Bell,FSU,['TE'],['4'],['2'],['0.5'],['4'],['1']
Mikele Colasurdo,GAST,['QB'],['3'],['2'],['0.7'],['10'],['1']
Chandler Fields,UL,['QB'],['2'],['2'],['1.0'],['9'],['0']
Micah Kelly,TOL,['RB'],['3'],['2'],['0.7'],['1'],['0']
Jerjuan Newton,TOL,['WR'],['1'],['2'],['2.0'],['2'],['0']
Roc Taylor,MEM,['WR'],['2'],['2'],['1.0'],['11'],['0']
Kody Epps,BYU,['WR'],['1'],['2'],['2.0'],['2'],['0']
Grant Tisdale,TCU,['QB'],['1'],['2'],['2.0'],['2'],['0']
Matthew Hayball,VAN,['P'],['1'],['2'],['2.0'],['2'],['0']
Peter Montini,CSU,['TE'],['2'],['2'],['1.0'],['2'],['0']
Quentin Skinner,KU,['WR'],['1'],['2'],['2.0'],['2'],['0']
Keon Coleman,FSU,['WR'],['1'],['2'],['2.0'],['2'],['0']
Kaiya Sheron,UK,['QB'],['1'],['2'],['2.0'],['2'],['0']
Lewis Bond,BC,['WR'],['1'],['2'],['2.0'],['2'],['0']
Mitchell Evans,ND,['TE'],['1'],['2'],['2.0'],['2'],['0']
Kyle Lowe,MTSU,['QB'],['1'],['2'],['2.0'],['2'],['0']
Brian Kowall,UCLA,['RB'],['1'],['2'],['2.0'],['2'],['0']
Owen McCown,UTSA,['QB'],['6'],['2'],['0.3'],['7'],['0']
Noah Fifita,ARIZ,['QB'],['25'],['2'],['0.1'],['15'],['0']
Mike Jackson,FIU,['WR'],['1'],['2'],['2.0'],['2'],['0']
Quintrevion Wisner,TEX,['RB'],['2'],['2'],['1.0'],['2'],['0']
Hal Presley,BAY,['WR'],['2'],['2'],['1.0'],['3'],['0']
Jonah Burton,BAY,['WR'],['2'],['2'],['1.0'],['2'],['0']
Blake Bosma,WMU,['TE'],['1'],['2'],['2.0'],['2'],['0']
Louis Brown IV,CSU,['WR'],['1'],['2'],['2.0'],['2'],['0']
Anthony Evans III,UGA,['WR'],['1'],['2'],['2.0'],['2'],['0']
Devonte Ross,TROY,['WR'],['1'],['2'],['2.0'],['2'],['0']
Dylan Rizk,UCF,['QB'],['2'],['2'],['1.0'],['8'],['0']
Jeremiah Coney,VT,['RB'],['3'],['2'],['0.7'],['4'],['0']
Eli Mason,MD,['RB'],['2'],['2'],['1.0'],['2'],['0']
Brant Ahlfinger,TCU,['RB'],['1'],['2'],['2.0'],['2'],['0']
Hayden Timosciek,BGSU,['QB'],['4'],['2'],['0.5'],['2'],['0']
Tobi Olawole,ARMY,['WR'],['3'],['2'],['0.7'],['6'],['0']
Jack Westover,WASH,['TE'],['1'],['1'],['1.0'],['1'],['1']
Smoke Harris,LT,['WR'],['7'],['1'],['0.1'],['7'],['0']
DeQuece Carter,IU,['WR'],['1'],['1'],['1.0'],['1'],['0']
Jeremy Hollingsworth,WYO,['RB'],['1'],['1'],['1.0'],['1'],['0']
Torry Locklin,KU,['RB'],['1'],['1'],['1.0'],['1'],['0']
Jordan Yates,SHSU,['QB'],['1'],['1'],['1.0'],['1'],['0']
Taj Davis,CAL,['WR'],['1'],['1'],['1.0'],['1'],['0']
Marshawn Kneeland,WMU,['DL'],['2'],['1'],['0.5'],['1'],['1']
Chris Tyree,ND,['WR'],['2'],['1'],['0.5'],['3'],['0']
Daejon Reynolds,PITT,['WR'],['1'],['1'],['1.0'],['1'],['0']
DJ Lundy,FSU,['LB'],['1'],['1'],['1.0'],['1'],['1']
Luke MacPhail,SYR,['QB'],['1'],['1'],['1.0'],['1'],['0']
Ozzy Trapilo,BC,['OL'],['0'],['1'],['0.0'],['1'],['0']
Garrett Nussmeier,LSU,['QB'],['1'],['1'],['1.0'],['1'],['1']
Hamp Greene,CLEM,['WR'],['1'],['1'],['1.0'],['1'],['0']
Enoch Nawahine,BYU,['RB'],['1'],['1'],['1.0'],['1'],['0']
Malik Nabers,LSU,['WR'],['1'],['1'],['1.0'],['1'],['0']
Adonai Mitchell,TEX,['WR'],['2'],['1'],['0.5'],['5'],['0']
Xavier Coleman,BC,['RB'],['1'],['1'],['1.0'],['1'],['0']
Tre Bradford,LSU,['RB'],['4'],['1'],['0.3'],['4'],['1']
Jalin Conyers,ASU,['TE'],['2'],['1'],['0.5'],['2'],['0']
JB Mitchell III,EMU,['WR'],['1'],['1'],['1.0'],['1'],['0']
Chase Roberts,BYU,['WR'],['1'],['1'],['1.0'],['1'],['0']
Tyler Jefferson,CMU,['QB'],['1'],['1'],['1.0'],['1'],['0']
Chris Lewis,TROY,['WR'],['1'],['1'],['1.0'],['1'],['0']
Kellen Stewart,MTSU,['WR'],['1'],['1'],['1.0'],['1'],['0']
Tadd Barr,BUFF,['WR'],['1'],['1'],['1.0'],['1'],['0']
William Watson III,VT,['QB'],['1'],['1'],['1.0'],['1'],['0']
Joe Jackson,KSU,['RB'],['4'],['1'],['0.3'],['5'],['0']
Malachi Lane,LSU,['RB'],['1'],['1'],['1.0'],['1'],['0']
Marlion Jackson,LT,['WR'],['2'],['1'],['0.5'],['5'],['0']
Jaelon Barbarin,MSU,['RB'],['1'],['1'],['1.0'],['1'],['0']
Jarod Bowie,JVST,['WR'],['1'],['1'],['1.0'],['1'],['0']
Josiah Johnson,OKST,['TE'],['1'],['0'],['0.0'],['0'],['0']
D.J. Twitty,SC,['RB'],['3'],['0'],['0.0'],['2'],['0']
Dominick Mazotti,SJSU,['TE'],['1'],['0'],['0.0'],['0'],['0']
Kris Mitchell,FIU,['WR'],['1'],['0'],['0.0'],['0'],['0']
Jacolby Criswell,ARK,['QB'],['1'],['0'],['0.0'],['0'],['0']
KeAndre Lambert-Smith,PSU,['WR'],['2'],['0'],['0.0'],['2'],['0']
JJ Pegues,MISS,['DT'],['1'],['0'],['0.0'],['0'],['0']
Mario Williams,USC,['WR'],['2'],['0'],['0.0'],['4'],['0']
Nick Nash,SJSU,['WR'],['1'],['0'],['0.0'],['0'],['0']
Marcus Bellon,UTEP,['WR'],['1'],['0'],['0.0'],['0'],['0']
Al-Jay Henderson,BUFF,['RB'],['5'],['0'],['0.0'],['2'],['1']
Jhaylin Embry,BGSU,['WR'],['1'],['0'],['0.0'],['0'],['0']
Billy Wiles,USM,['QB'],['43'],['0'],['0.0'],['16'],['1']
Kuao Peihopa,HAW,['DL'],['1'],['0'],['0.0'],['0'],['0']
Braden Smith,CIN,['WR'],['2'],['0'],['0.0'],['0'],['0']
Xavier Guillory,ASU,['WR'],['1'],['0'],['0.0'],['0'],['0']
Zach Pyron,GT,['QB'],['2'],['0'],['0.0'],['4'],['0']
Minaya Olivo,UCLA,['RB'],['1'],['0'],['0.0'],['0'],['0']
Isaiah Carlson,UCLA,['RB'],['1'],['0'],['0.0'],['0'],['0']
Kevin McNeal,CLEM,['RB'],['1'],['0'],['0.0'],['0'],['0']
Max Brown,FLA,['QB'],['1'],['0'],['0.0'],['0'],['0']
Gavin Yates,BAY,['TE'],['1'],['0'],['0.0'],['0'],['0']
Turner Helton,WKU,['QB'],['1'],['0'],['0.0'],['0'],['0']
Devan Williams,TLSA,['WR'],['1'],['0'],['0.0'],['0'],['0']
Kendin Alexander,AFA,['WR'],['1'],['0'],['0.0'],['0'],['0']
Justin Holaday,UNM,['QB'],['1'],['0'],['0.0'],['0'],['0']
KD Dorsey,GASO,['WR'],['1'],['0'],['0.0'],['0'],['0']
Isaac TeSlaa,ARK,['WR'],['1'],['0'],['0.0'],['0'],['0']
Mario Agyen,LOU,['RB'],['1'],['0'],['0.0'],['0'],['0']
Marcus Vinson,UTEP,['TE'],['1'],['0'],['0.0'],['0'],['0']
Willie McCoy,UTSA,['WR'],['3'],['0'],['0.0'],['8'],['0']
Kelby Williams,ODU,['WR'],['1'],['0'],['0.0'],['0'],['0']
Luke Doty,SC,['QB'],['1'],['-1'],['-1.0'],['0'],['0']
Griffin Moore,ILL,['TE'],['1'],['-1'],['-1.0'],['0'],['0']
Moochie Dixon,SMU,['WR'],['1'],['-1'],['-1.0'],['0'],['0']
Money Parks,UTAH,['WR'],['2'],['-1'],['-0.5'],['8'],['0']
Joey Hobert,TXST,['WR'],['1'],['-1'],['-1.0'],['0'],['0']
Donaven McCulley,IU,['WR'],['3'],['-1'],['-0.3'],['1'],['0']
Tailique Williams,GAST,['WR'],['1'],['-1'],['-1.0'],['0'],['0']
Ty Simpson,ALA,['QB'],['12'],['-1'],['-0.1'],['11'],['2']
Katin Houser,MSU,['QB'],['17'],['-1'],['-0.1'],['12'],['2']
Charles Schibler,TULN,['RB'],['1'],['-1'],['-1.0'],['0'],['0']
Billy Atkins,JMU,['QB'],['1'],['-1'],['-1.0'],['0'],['0']
Josh Cameron,BAY,['WR'],['1'],['-1'],['-1.0'],['0'],['0']
Giovanni Sanders,ASU,['WR'],['2'],['-1'],['-0.5'],['4'],['0']
Coy Eakin,TTU,['WR'],['1'],['-1'],['-1.0'],['0'],['0']
Keynan Higgins,SJSU,['WR'],['1'],['-1'],['-1.0'],['0'],['0']
Yamir Knight,JMU,['WR'],['1'],['-1'],['-1.0'],['0'],['0']
Jaylon Robinson,TCU,['WR'],['2'],['-2'],['-1.0'],['1'],['0']
Kavosiey Smoke,COLO,['RB'],['2'],['-2'],['-1.0'],['0'],['0']
Mycah Pittman,UTAH,['WR'],['1'],['-2'],['-2.0'],['0'],['0']
Jay Butterfield,SJSU,['QB'],['2'],['-2'],['-1.0'],['3'],['0']
Jaden Alexis,USF,['WR'],['1'],['-2'],['-2.0'],['0'],['0']
Brian Garcia,ULM,['QB'],['2'],['-2'],['-1.0'],['3'],['0']
Jeremy Flax,UK,['OL'],['0'],['-2'],['0.0'],['0'],['0']
Andrew Glass,KENT,['PK'],['1'],['-2'],['-2.0'],['0'],['0']
Mekhi Mews,UGA,['WR'],['1'],['-2'],['-2.0'],['0'],['0']
Luke Lindenmeyer,NEB,['TE'],['1'],['-2'],['-2.0'],['0'],['0']
Addai Lewellen,PUR,['RB'],['1'],['-2'],['-2.0'],['0'],['0']
Jalen Knox,MISS,['WR'],['1'],['-3'],['-3.0'],['0'],['0']
Cody Simon,OSU,['LB'],['1'],['-3'],['-3.0'],['0'],['0']
Kobie Campbell,RICE,['WR'],['4'],['-3'],['-0.8'],['6'],['0']
Christian Leary,GT,['WR'],['1'],['-3'],['-3.0'],['0'],['0']
Jack Bech,TCU,['WR'],['3'],['-3'],['-1.0'],['7'],['0']
Joseph Manjack IV,HOU,['WR'],['2'],['-3'],['-1.5'],['0'],['0']
Evan Stewart,TA&M,['WR'],['1'],['-3'],['-3.0'],['0'],['0']
Nathan Harris-Waynick,SC,['RB'],['1'],['-3'],['-3.0'],['0'],['0']
Donovan Brown,SYR,['WR'],['1'],['-3'],['-3.0'],['0'],['0']
Xavier Shaw,WKU,['DB'],['0'],['-3'],['0.0'],['0'],['0']
Parker Kingston,BYU,['WR'],['5'],['-3'],['-0.6'],['4'],['0']
Kole Wilson,TXST,['WR'],['1'],['-3'],['-3.0'],['0'],['0']
Jacob De Jesus,UNLV,['WR'],['3'],['-3'],['-1.0'],['2'],['0']
John Paddock,ILL,['QB'],['3'],['-4'],['-1.3'],['1'],['0']
Grant Gunnell,SHSU,['QB'],['4'],['-4'],['-1.0'],['5'],['0']
Christian Wells,MASS,['WR'],['2'],['-4'],['-2.0'],['0'],['0']
JoVoni Johnson-McCray,RICE,['WR'],['1'],['-4'],['-4.0'],['0'],['0']
Corey Stewart,BALL,['OL'],['1'],['-4'],['-4.0'],['0'],['0']
Conner Harrell,UNC,['QB'],['2'],['-4'],['-2.0'],['0'],['0']
Cade Yacamelli,WIS,['RB'],['1'],['-4'],['-4.0'],['0'],['0']
Jhari Patterson,ECU,['WR'],['2'],['-4'],['-2.0'],['0'],['0']
Davis Warren,MICH,['QB'],['2'],['-4'],['-2.0'],['4'],['0']
Nico Ragaini,IOWA,['WR'],['1'],['-5'],['-5.0'],['0'],['0']
Monroe Young,CAL,['WR'],['2'],['-5'],['-2.5'],['5'],['0']
Daniel Jackson,MINN,['WR'],['1'],['-5'],['-5.0'],['0'],['0']
Tommi Hill,NEB,['DB'],['1'],['-5'],['-5.0'],['0'],['0']
Justin Ball,VAN,['TE'],['1'],['-5'],['-5.0'],['0'],['0']
Dylan Morris,WASH,['QB'],['1'],['-5'],['-5.0'],['0'],['0']
Daniel Richardson,FAU,['QB'],['17'],['-5'],['-0.3'],['22'],['0']
Ryan Rehkow,BYU,['P'],['1'],['-5'],['-5.0'],['0'],['0']
Cade Fennegan,BYU,['QB'],['2'],['-5'],['-2.5'],['0'],['0']
Jaden Bray,OKST,['WR'],['1'],['-5'],['-5.0'],['0'],['0']
Devin Kargman,KENT,['QB'],['1'],['-5'],['-5.0'],['0'],['0']
Cyrus Allen,LT,['WR'],['1'],['-5'],['-5.0'],['0'],['0']
Zach Mundell,ARMY,['QB'],['4'],['-5'],['-1.3'],['2'],['0']
Cade McConnell,UTEP,['QB'],['16'],['-5'],['-0.3'],['13'],['0']
Amad Anderson Jr.,TEM,['WR'],['2'],['-6'],['-3.0'],['0'],['0']
Ben Kopenski,TLSA,['DL'],['1'],['-6'],['-6.0'],['0'],['0']
Luke Grimm,KU,['WR'],['1'],['-6'],['-6.0'],['0'],['0']
Demarcus Jones II,NCSU,['RB'],['4'],['-6'],['-1.5'],['2'],['1']
Malachi Fields,UVA,['WR'],['1'],['-6'],['-6.0'],['0'],['0']
Brayden Fowler-Nicolosi,CSU,['QB'],['24'],['-6'],['-0.3'],['9'],['1']
Kamryn Perry,IU,['WR'],['2'],['-6'],['-3.0'],['0'],['0']
Hank Bachmeier,LT,['QB'],['39'],['-7'],['-0.2'],['18'],['2']
Tanner Bailey,SC,['QB'],['1'],['-7'],['-7.0'],['0'],['0']
Kevin Coleman,LOU,['WR'],['2'],['-7'],['-3.5'],['1'],['0']
James Burns,CONN,['WR'],['1'],['-7'],['-7.0'],['0'],['0']
Jacob Conover,ASU,['QB'],['5'],['-7'],['-1.4'],['2'],['0']
John Bock II,FIU,['OL'],['1'],['-7'],['-7.0'],['0'],['0']
Jordy Sandy,TCU,['P'],['1'],['-8'],['-8.0'],['0'],['0']
Goose Crowder,TROY,['QB'],['4'],['-8'],['-2.0'],['4'],['0']
Clay Millen,CSU,['QB'],['2'],['-8'],['-4.0'],['3'],['0']
Gavin Hardison,UTEP,['QB'],['34'],['-8'],['-0.2'],['16'],['2']
Roman Fuller,TLSA,['QB'],['2'],['-8'],['-4.0'],['0'],['0']
Jairus Mack,CLT,['WR'],['2'],['-8'],['-4.0'],['0'],['0']
Jacari Carter,GAST,['WR'],['1'],['-8'],['-8.0'],['0'],['0']
Joey Cheek,UTAH,['PK'],['1'],['-8'],['-8.0'],['0'],['0']
Tobin O'Dell,SDSU,['QB'],['1'],['-8'],['-8.0'],['0'],['0']
Michael Penix Jr.,WASH,['QB'],['12'],['-9'],['-0.8'],['6'],['0']
Carter Bradley,USA,['QB'],['33'],['-9'],['-0.3'],['17'],['1']
Stephan Bracey Jr.,CMU,['WR'],['1'],['-9'],['-9.0'],['0'],['0']
Joshua Cephus,UTSA,['WR'],['1'],['-9'],['-9.0'],['0'],['0']
Jordan Watkins,MISS,['WR'],['1'],['-9'],['-9.0'],['0'],['0']
Gavin Meyers,WIS,['P'],['1'],['-9'],['-9.0'],['0'],['0']
Bronson Barron,WKU,['QB'],['1'],['-9'],['-9.0'],['0'],['0']
Cole Pennington,MRSH,['QB'],['2'],['-9'],['-4.5'],['6'],['0']
Stefan Cobbs,BOIS,['WR'],['2'],['-10'],['-5.0'],['0'],['0']
Xavier Arline,NAVY,['QB'],['1'],['-10'],['-10.0'],['0'],['0']
Ryan Burger,APP,['QB'],['4'],['-10'],['-2.5'],['10'],['0']
Cam'Ron McCoy,EMU,['QB'],['2'],['-10'],['-5.0'],['0'],['0']
Emory Williams,MIA,['QB'],['2'],['-10'],['-5.0'],['0'],['0']
Kyle Williams,WSU,['WR'],['2'],['-11'],['-5.5'],['0'],['0']
Luke Bauer,MIZ,['PK'],['1'],['-11'],['-11.0'],['2'],['0']
Zavion Thomas,MSST,['WR'],['3'],['-11'],['-3.7'],['2'],['0']
Cameron Edge,MD,['QB'],['1'],['-11'],['-11.0'],['0'],['0']
J.T. Shrout,ARST,['QB'],['4'],['-12'],['-3.0'],['10'],['0']
Ken Seals,VAN,['QB'],['21'],['-12'],['-0.6'],['8'],['1']
Holden Geriner,AUB,['QB'],['2'],['-12'],['-6.0'],['0'],['0']
Ryan Staub,COLO,['QB'],['1'],['-12'],['-12.0'],['0'],['0']
Milan Tucker,APP,['WR'],['2'],['-13'],['-6.5'],['0'],['0']
Micah Bowens,CLT,['QB'],['1'],['-13'],['-13.0'],['0'],['0']
Cooper Allan,ARMY,['P'],['1'],['-13'],['-13.0'],['0'],['0']
Jared Wheatley,OHIO,['P'],['1'],['-15'],['-15.0'],['0'],['0']
Holman Edwards,USM,['QB'],['9'],['-15'],['-1.7'],['18'],['0']
Bryan Domino,CONN,['WR'],['1'],['-15'],['-15.0'],['0'],['0']
Maalik Murphy,TEX,['QB'],['1'],['-18'],['-18.0'],['0'],['0']
Bryce Archie,USF,['QB'],['5'],['-20'],['-4.0'],['12'],['0']
Landry Lyddy,UAB,['QB'],['3'],['-20'],['-6.7'],['0'],['0']
Tayven Jackson,IU,['QB'],['28'],['-21'],['-0.8'],['10'],['1']
Michael O'Shaughnessy,MSU,['P'],['1'],['-22'],['-22.0'],['0'],['0']
Eddie Lee Marburger,UTSA,['QB'],['7'],['-23'],['-3.3'],['5'],['0']
Ben Bryant,NU,['QB'],['35'],['-24'],['-0.7'],['15'],['2']
Devin Leary,UK,['QB'],['25'],['-24'],['-1.0'],['22'],['1']
Haden Carlson,FIU,['QB'],['3'],['-25'],['-8.3'],['0'],['0']
Forrest Brock,TEM,['QB'],['5'],['-25'],['-5.0'],['4'],['0']
Michael Kern,WAKE,['QB'],['9'],['-27'],['-3.0'],['7'],['0']
Blake Shapen,BAY,['QB'],['40'],['-36'],['-0.9'],['17'],['3']
Will Rogers,MSST,['QB'],['23'],['-38'],['-1.7'],['15'],['0']
Kedon Slovis,BYU,['QB'],['29'],['-41'],['-1.4'],['21'],['3']
Shedeur Sanders,COLO,['QB'],['86'],['-43'],['-0.5'],['38'],['3']
Cade McNamara,IOWA,['QB'],['13'],['-45'],['-3.5'],['18'],['0']
Kai Horton,TULN,['QB'],['15'],['-46'],['-3.1'],['8'],['1']
Connor Bazelak,BGSU,['QB'],['25'],['-47'],['-1.9'],['16'],['1']
Michael Alaimo,KENT,['QB'],['57'],['-48'],['-0.8'],['24'],['1']
Drew Pyne,ASU,['QB'],['14'],['-49'],['-3.5'],['11'],['0']
Dante Moore,UCLA,['QB'],['34'],['-49'],['-1.4'],['16'],['0']
Kyle McCord,OSU,['QB'],['27'],['-51'],['-1.9'],['9'],['0']
JT Daniels,RICE,['QB'],['21'],['-52'],['-2.5'],['16'],['1']
Layne Hatcher,BALL,['QB'],['20'],['-53'],['-2.7'],['8'],['1']
Davis Brin,GASO,['QB'],['41'],['-58'],['-1.4'],['8'],['1']
Deacon Hill,IOWA,['QB'],['17'],['-75'],['-4.4'],['7'],['1']
Trexler Ivey,CLT,['QB'],['18'],['-83'],['-4.6'],['12'],['1']
Gunnar Watson,TROY,['QB'],['36'],['-88'],['-2.4'],['16'],['1']
Graham Mertz,FLA,['QB'],['46'],['-91'],['-2.0'],['12'],['3']
Brayden Schager,HAW,['QB'],['63'],['-120'],['-1.9'],['21'],['1']
Mikey Keene,FRES,['QB'],['21'],['-128'],['-6.1'],['4'],['0']
Jeff Undercuffler Jr.,AKR,['QB'],['15'],['-129'],['-8.6'],['5'],['1']
